<metadata xml:lang="fr"><Esri><CreaDate>20110408</CreaDate><CreaTime>18290500</CreaTime><SyncOnce>FALSE</SyncOnce><SyncDate>20140124</SyncDate><SyncTime>10341200</SyncTime><ModDate>20140124</ModDate><ModTime>10341200</ModTime><DataProperties><lineage><Process ToolSource="F:\Program Files\ArcGIS\ArcToolbox\Toolboxes\Conversion Tools.tbx\FeatureClassToFeatureClass" Date="20100926" Time="132629">FeatureClassToFeatureClass "Database Connections\Connection to geoserver (2).sde\sde.SDE.RE_RessourceEau\sde.SDE.RE_Bassin" D:\SIG-Irrigation_27\12092010.mdb\RE_RessourceEau RE_Bassin # "CodeBassin 'CodeBassin' true true false 2 Short 0 5 ,First,#,Database Connections\Connection to geoserver (2).sde\sde.SDE.RE_RessourceEau\sde.SDE.RE_Bassin,CodeBassin,-1,-1;NomBassin 'NomBassin' true true false 50 Text 0 0 ,First,#,Database Connections\Connection to geoserver (2).sde\sde.SDE.RE_RessourceEau\sde.SDE.RE_Bassin,NomBassin,-1,-1;Superficie 'Superficie' true true false 4 Long 0 10 ,First,#,Database Connections\Connection to geoserver (2).sde\sde.SDE.RE_RessourceEau\sde.SDE.RE_Bassin,Superficie,-1,-1;SOURCE 'SOURCE' true true false 80 Text 0 0 ,First,#,Database Connections\Connection to geoserver (2).sde\sde.SDE.RE_RessourceEau\sde.SDE.RE_Bassin,SOURCE,-1,-1;Taux 'Taux' true true false 8 Double 8 38 ,First,#,Database Connections\Connection to geoserver (2).sde\sde.SDE.RE_RessourceEau\sde.SDE.RE_Bassin,Taux,-1,-1;SHAPE_area 'SHAPE_area' false false true 0 Double 0 0 ,First,#,Database Connections\Connection to geoserver (2).sde\sde.SDE.RE_RessourceEau\sde.SDE.RE_Bassin,SHAPE.area,-1,-1;SHAPE_len 'SHAPE_len' false false true 0 Double 0 0 ,First,#,Database Connections\Connection to geoserver (2).sde\sde.SDE.RE_RessourceEau\sde.SDE.RE_Bassin,SHAPE.len,-1,-1" # D:\SIG-Irrigation_27\12092010.mdb\RE_RessourceEau\RE_Bassin</Process><Process ToolSource="C:\Program Files\ArcGIS\ArcToolbox\Toolboxes\Conversion Tools.tbx\FeatureClassToFeatureClass" Date="20100927" Time="105542">FeatureClassToFeatureClass F:\26092010\25092010\12092010.mdb\RE_RessourceEau\RE_Bassin "Connexions aux bases de donnÃƒÆ’Ã†â€™Ãƒâ€šÃ‚Â©es\Connection to ddgi1.sde\sde.SDE.RE_RessourceEau" RE_Bassin # "CodeBassin 'CodeBassin' true true false 2 Short 0 0 ,First,#,F:\26092010\25092010\12092010.mdb\RE_RessourceEau\RE_Bassin,CodeBassin,-1,-1;NomBassin 'NomBassin' true true false 50 Text 0 0 ,First,#,F:\26092010\25092010\12092010.mdb\RE_RessourceEau\RE_Bassin,NomBassin,-1,-1;Superficie 'Superficie' true true false 4 Long 0 0 ,First,#,F:\26092010\25092010\12092010.mdb\RE_RessourceEau\RE_Bassin,Superficie,-1,-1;SOURCE 'SOURCE' true true false 80 Text 0 0 ,First,#,F:\26092010\25092010\12092010.mdb\RE_RessourceEau\RE_Bassin,SOURCE,-1,-1;Taux 'Taux' true true false 8 Double 0 0 ,First,#,F:\26092010\25092010\12092010.mdb\RE_RessourceEau\RE_Bassin,Taux,-1,-1;Shape_Length 'Shape_Length' false true true 8 Double 0 0 ,First,#,F:\26092010\25092010\12092010.mdb\RE_RessourceEau\RE_Bassin,Shape_Length,-1,-1;Shape_Area 'Shape_Area' false true true 8 Double 0 0 ,First,#,F:\26092010\25092010\12092010.mdb\RE_RessourceEau\RE_Bassin,Shape_Area,-1,-1" # "Connexions aux bases de donnÃƒÆ’Ã†â€™Ãƒâ€šÃ‚Â©es\Connection to ddgi1.sde\sde.SDE.RE_RessourceEau\sde.SDE.RE_Bassin"</Process><Process ToolSource="C:\Program Files\ArcGIS\Desktop10.0\ArcToolbox\Toolboxes\Conversion Tools.tbx\FeatureClassToFeatureClass" Date="20131108" Time="084034">FeatureClassToFeatureClass "Z:\HammaniAli sur mon Mac\Documents1\Apps Develop\HydroSolTA\PAFWaM\bin\Debug\Maroc\BDIrrigation.mdb\RE_RessourceEau\RE_Bassin" "Z:\HammaniAli sur mon Mac\Documents1\Apps Develop\HydroSolTA\PAFWaM\bin\Debug\Maroc" BassinsHydrauliques.shp # "Code "Code" true true false 2 Short 0 0 ,First,#,Z:\HammaniAli sur mon Mac\Documents1\Apps Develop\HydroSolTA\PAFWaM\bin\Debug\Maroc\BDIrrigation.mdb\RE_RessourceEau\RE_Bassin,Code,-1,-1;Bassin "Bassin" true true false 50 Text 0 0 ,First,#,Z:\HammaniAli sur mon Mac\Documents1\Apps Develop\HydroSolTA\PAFWaM\bin\Debug\Maroc\BDIrrigation.mdb\RE_RessourceEau\RE_Bassin,Bassin,-1,-1;Superficie "Superficie" true true false 4 Long 0 0 ,First,#,Z:\HammaniAli sur mon Mac\Documents1\Apps Develop\HydroSolTA\PAFWaM\bin\Debug\Maroc\BDIrrigation.mdb\RE_RessourceEau\RE_Bassin,Superficie,-1,-1;Taux "Taux" true true false 8 Double 0 0 ,First,#,Z:\HammaniAli sur mon Mac\Documents1\Apps Develop\HydroSolTA\PAFWaM\bin\Debug\Maroc\BDIrrigation.mdb\RE_RessourceEau\RE_Bassin,Taux,-1,-1" #</Process><Process ToolSource="C:\Program Files\ArcGIS\Desktop10.0\ArcToolbox\Toolboxes\Data Management Tools.tbx\CopyFeatures" Date="20140124" Time="082757">CopyFeatures "Z:\HammaniAli sur mon Mac\Documents1\Apps Develop\HydroSolTA\PAFWaM\bin\Debug\Maroc\BassinsHydrauliques.shp" "Z:\HammaniAli sur mon Mac\Documents1\Apps Develop\HydroSolTA\PAFWaM\bin\Debug\Maroc\SHP\BDMaroc.mdb\BassinsHydrauliques" # 0 0 0</Process><Process ToolSource="C:\Program Files\ArcGIS\Desktop10.0\ArcToolbox\Toolboxes\Conversion Tools.tbx\FeatureClassToFeatureClass" Date="20140124" Time="103412">FeatureClassToFeatureClass "Z:\HammaniAli sur mon Mac\Documents1\Apps Develop\HydroSolTA\PAFWaM\bin\Debug\Maroc\SHP\BDMaroc.mdb\BassinsHydrauliques" "Z:\HammaniAli sur mon Mac\Documents1\Apps Develop\HydroSolTA\PAFWaM\bin\Debug\Maroc\SHP\tmp" BassinsHydrauliques.shp # "Code "Code" true true false 2 Short 0 0 ,First,#,Z:\HammaniAli sur mon Mac\Documents1\Apps Develop\HydroSolTA\PAFWaM\bin\Debug\Maroc\SHP\BDMaroc.mdb\BassinsHydrauliques,Code,-1,-1;Bassin "Bassin" true true false 50 Text 0 0 ,First,#,Z:\HammaniAli sur mon Mac\Documents1\Apps Develop\HydroSolTA\PAFWaM\bin\Debug\Maroc\SHP\BDMaroc.mdb\BassinsHydrauliques,Bassin,-1,-1;Shape_Leng "Shape_Length" false true true 8 Double 0 0 ,First,#,Z:\HammaniAli sur mon Mac\Documents1\Apps Develop\HydroSolTA\PAFWaM\bin\Debug\Maroc\SHP\BDMaroc.mdb\BassinsHydrauliques,Shape_Length,-1,-1;Shape_Area "Shape_Area" false true true 8 Double 0 0 ,First,#,Z:\HammaniAli sur mon Mac\Documents1\Apps Develop\HydroSolTA\PAFWaM\bin\Debug\Maroc\SHP\BDMaroc.mdb\BassinsHydrauliques,Shape_Area,-1,-1" #</Process></lineage><itemProps><itemName Sync="TRUE">BassinsHydrauliques</itemName><imsContentType Sync="TRUE">002</imsContentType><itemSize Sync="TRUE">0.000</itemSize><itemLocation><linkage Sync="TRUE">file://\\vmware-host\Shared Folders\HammaniAli sur mon Mac\Documents1\Apps Develop\HydroSolTA\PAFWaM\bin\Debug\Maroc\SHP\tmp\BassinsHydrauliques.shp</linkage><protocol Sync="TRUE">Local Area Network</protocol></itemLocation></itemProps><coordRef><type Sync="TRUE">Geographic</type><geogcsn Sync="TRUE">GCS_Merchich_Degree</geogcsn><peXml Sync="TRUE">&lt;GeographicCoordinateSystem xsi:type='typens:GeographicCoordinateSystem' xmlns:xsi='http://www.w3.org/2001/XMLSchema-instance' xmlns:xs='http://www.w3.org/2001/XMLSchema' xmlns:typens='http://www.esri.com/schemas/ArcGIS/10.0'&gt;&lt;WKT&gt;GEOGCS[&amp;quot;GCS_Merchich_Degree&amp;quot;,DATUM[&amp;quot;D_Merchich&amp;quot;,SPHEROID[&amp;quot;Clarke_1880_IGN&amp;quot;,6378249.2,293.46602]],PRIMEM[&amp;quot;Greenwich&amp;quot;,0.0],UNIT[&amp;quot;Degree&amp;quot;,0.0174532925199433],AUTHORITY[&amp;quot;ESRI&amp;quot;,104261]]&lt;/WKT&gt;&lt;XOrigin&gt;-399.99999999999989&lt;/XOrigin&gt;&lt;YOrigin&gt;-399.99999999999989&lt;/YOrigin&gt;&lt;XYScale&gt;11258999068426.24&lt;/XYScale&gt;&lt;ZOrigin&gt;-100000&lt;/ZOrigin&gt;&lt;ZScale&gt;10000&lt;/ZScale&gt;&lt;MOrigin&gt;-100000&lt;/MOrigin&gt;&lt;MScale&gt;10000&lt;/MScale&gt;&lt;XYTolerance&gt;8.9829948182460956e-009&lt;/XYTolerance&gt;&lt;ZTolerance&gt;0.001&lt;/ZTolerance&gt;&lt;MTolerance&gt;0.001&lt;/MTolerance&gt;&lt;HighPrecision&gt;true&lt;/HighPrecision&gt;&lt;LeftLongitude&gt;-180&lt;/LeftLongitude&gt;&lt;WKID&gt;104261&lt;/WKID&gt;&lt;/GeographicCoordinateSystem&gt;</peXml></coordRef></DataProperties><MetaID>{930E7150-CA01-4302-BC36-4CABC20FA34E}</MetaID></Esri><idinfo><native Sync="TRUE">Microsoft Windows XP Version 5.1 (Build 2600) Service Pack 2; ESRI ArcCatalog 9.3.1.3000</native><descript><langdata Sync="TRUE">fr</langdata><abstract>REQUIRED: A brief narrative summary of the data set.</abstract><purpose>REQUIRED: A summary of the intentions with which the data set was developed.</purpose></descript><citation><citeinfo><origin>REQUIRED: The name of an organization or individual that developed the data set.</origin><pubdate>REQUIRED: The date when the data set is published or otherwise made available for release.</pubdate><title Sync="TRUE">sde.SDE.RE_Bassin</title><ftname Sync="TRUE">sde.SDE.RE_Bassin</ftname><geoform Sync="TRUE">vector digital data</geoform><onlink Sync="TRUE">\\DEFAA\D$\DEFAA\Sauve_ddgi3_080420.mdb</onlink></citeinfo></citation><timeperd><current>REQUIRED: The basis on which the time period of content information is determined.</current><timeinfo><sngdate><caldate>REQUIRED: The year (and optionally month, or month and day) for which the data set corresponds to the ground.</caldate></sngdate></timeinfo></timeperd><status><progress>REQUIRED: The state of the data set.</progress><update>REQUIRED: The frequency with which changes and additions are made to the data set after the initial data set is completed.</update></status><spdom><bounding><westbc Sync="TRUE">REQUIRED: Western-most coordinate of the limit of coverage expressed in longitude.</westbc><eastbc Sync="TRUE">REQUIRED: Eastern-most coordinate of the limit of coverage expressed in longitude.</eastbc><northbc Sync="TRUE">REQUIRED: Northern-most coordinate of the limit of coverage expressed in latitude.</northbc><southbc Sync="TRUE">REQUIRED: Southern-most coordinate of the limit of coverage expressed in latitude.</southbc></bounding></spdom><keywords><theme><themekt>REQUIRED: Reference to a formally registered thesaurus or a similar authoritative source of theme keywords.</themekt><themekey>REQUIRED: Common-use word or phrase used to describe the subject of the data set.</themekey></theme></keywords><accconst>REQUIRED: Restrictions and legal prerequisites for accessing the data set.</accconst><useconst>REQUIRED: Restrictions and legal prerequisites for using the data set after access is granted.</useconst><natvform Sync="TRUE">Classe d'entitÃƒÆ’Ã†â€™Ãƒâ€šÃ‚Â©s ArcSDE</natvform></idinfo><dataIdInfo><envirDesc Sync="TRUE">Microsoft Windows Server 2008 R2 Version 6.1 (Build 7601) Service Pack 1; ESRI ArcGIS 10.0.0.2414</envirDesc><dataLang><languageCode Sync="TRUE" value="fra" country="FRA"></languageCode></dataLang><idCitation><resTitle Sync="TRUE">BassinsHydrauliques</resTitle><presForm><PresFormCd Sync="TRUE" value="005"></PresFormCd></presForm></idCitation><spatRpType><SpatRepTypCd Sync="TRUE" value="001"></SpatRepTypCd></spatRpType><descKeys><thesaName uuidref="723f6998-058e-11dc-8314-0800200c9a66"></thesaName><keyword Sync="TRUE">002</keyword></descKeys></dataIdInfo><metainfo><langmeta Sync="TRUE">fr</langmeta><metstdn Sync="TRUE">FGDC Content Standards for Digital Geospatial Metadata</metstdn><metstdv Sync="TRUE">FGDC-STD-001-1998</metstdv><mettc Sync="TRUE">local time</mettc><metc><cntinfo><cntorgp><cntper>REQUIRED: The person responsible for the metadata information.</cntper><cntorg>REQUIRED: The organization responsible for the metadata information.</cntorg></cntorgp><cntaddr><addrtype>REQUIRED: The mailing and/or physical address for the organization or individual.</addrtype><city>REQUIRED: The city of the address.</city><state>REQUIRED: The state or province of the address.</state><postal>REQUIRED: The ZIP or other postal code of the address.</postal></cntaddr><cntvoice>REQUIRED: The telephone number by which individuals can speak to the organization or individual.</cntvoice></cntinfo></metc><metd Sync="TRUE">20100927</metd></metainfo><mdLang><languageCode Sync="TRUE" value="fra"></languageCode></mdLang><mdStanName Sync="TRUE">ISO 19115 Informations gÃƒÆ’Ã†â€™Ãƒâ€šÃ‚Â©ographiques - MÃƒÆ’Ã†â€™Ãƒâ€šÃ‚Â©tadonnÃƒÆ’Ã†â€™Ãƒâ€šÃ‚Â©es</mdStanName><mdStanVer Sync="TRUE"># 11108</mdStanVer><mdChar><CharSetCd Sync="TRUE" value="# 11111"></CharSetCd></mdChar><mdHrLv><ScopeCd Sync="TRUE" value="005"></ScopeCd></mdHrLv><mdHrLvName Sync="TRUE">dataset</mdHrLvName><distinfo><resdesc Sync="TRUE">Downloadable Data</resdesc></distinfo><distInfo><distributor><distorTran><onLineSrc><orDesc Sync="TRUE">002</orDesc><linkage Sync="TRUE">file://\\DEFAA\D$\DEFAA\Sauve_ddgi3_080420.mdb</linkage><protocol Sync="TRUE">Local Area Network</protocol></onLineSrc></distorTran><distorFormat><formatName Sync="TRUE">Classe d'entitÃƒÆ’Ã†â€™Ãƒâ€šÃ‚Â©s ArcSDE</formatName></distorFormat></distributor><distFormat><formatName Sync="TRUE">Shapefile</formatName></distFormat><distTranOps><transSize Sync="TRUE">0.000</transSize></distTranOps></distInfo><spdoinfo><direct Sync="TRUE">Vector</direct><ptvctinf><esriterm Name="BassinsHydrauliques"><efeatyp Sync="TRUE">Simple</efeatyp><efeageom Sync="TRUE">4</efeageom><esritopo Sync="TRUE">FALSE</esritopo><efeacnt Sync="TRUE">0</efeacnt><spindex Sync="TRUE">FALSE</spindex><linrefer Sync="TRUE">FALSE</linrefer></esriterm></ptvctinf></spdoinfo><spref><horizsys><cordsysn><geogcsn Sync="TRUE">GCS_Merchich_Degree</geogcsn></cordsysn><geograph><geogunit Sync="TRUE">Decimal degrees</geogunit><latres Sync="TRUE">0.000000</latres><longres Sync="TRUE">0.000000</longres></geograph><geodetic><horizdn Sync="TRUE">D_Merchich</horizdn><ellips Sync="TRUE">Clarke_1880_IGN</ellips><semiaxis Sync="TRUE">6378249.200000</semiaxis><denflat Sync="TRUE">293.466020</denflat></geodetic></horizsys><vertdef><altsys><altenc Sync="TRUE">Explicit elevation coordinate included with horizontal coordinates</altenc><altres Sync="TRUE">1.000000</altres></altsys></vertdef></spref><refSysInfo><RefSystem><refSysID><identCode Sync="TRUE" code="104261">GCS_Merchich_Degree</identCode><idCodeSpace Sync="TRUE">ESRI</idCodeSpace><idVersion Sync="TRUE">10.0.0</idVersion></refSysID></RefSystem></refSysInfo><spatRepInfo><VectSpatRep><topLvl><TopoLevCd Sync="TRUE" value="001"></TopoLevCd></topLvl><geometObjs Name="sde.SDE.RE_Bassin"><geoObjTyp><GeoObjTypCd Sync="TRUE" value="002"></GeoObjTypCd><geoObjCnt Sync="TRUE">0</geoObjCnt></geoObjTyp><geoObjCnt Sync="TRUE">0</geoObjCnt></geometObjs></VectSpatRep></spatRepInfo><eainfo><detailed Name="BassinsHydrauliques"><enttyp><enttypl Sync="TRUE">BassinsHydrauliques</enttypl><enttypt Sync="TRUE">Feature Class</enttypt><enttypc Sync="TRUE">0</enttypc></enttyp><attr><attrlabl Sync="TRUE">FID</attrlabl><attalias Sync="TRUE">FID</attalias><attrtype Sync="TRUE">OID</attrtype><attwidth Sync="TRUE">4</attwidth><atprecis Sync="TRUE">0</atprecis><attscale Sync="TRUE">0</attscale><attrdef Sync="TRUE">Internal feature number.</attrdef><attrdefs Sync="TRUE">ESRI</attrdefs><attrdomv><udom Sync="TRUE">Sequential unique whole numbers that are automatically generated.</udom></attrdomv></attr><attr><attrlabl Sync="TRUE">Shape</attrlabl><attalias Sync="TRUE">Shape</attalias><attrtype Sync="TRUE">Geometry</attrtype><attwidth Sync="TRUE">0</attwidth><atprecis Sync="TRUE">0</atprecis><attscale Sync="TRUE">0</attscale><attrdef Sync="TRUE">Feature geometry.</attrdef><attrdefs Sync="TRUE">ESRI</attrdefs><attrdomv><udom Sync="TRUE">Coordinates defining the features.</udom></attrdomv></attr><attr><attrlabl Sync="TRUE">Code</attrlabl><attalias Sync="TRUE">Code</attalias><attrtype Sync="TRUE">SmallInteger</attrtype><attwidth Sync="TRUE">4</attwidth><atprecis Sync="TRUE">4</atprecis><attscale Sync="TRUE">0</attscale></attr><attr><attrlabl Sync="TRUE">Bassin</attrlabl><attalias Sync="TRUE">Bassin</attalias><attrtype Sync="TRUE">String</attrtype><attwidth Sync="TRUE">50</attwidth><atprecis Sync="TRUE">0</atprecis><attscale Sync="TRUE">0</attscale></attr><attr><attrlabl Sync="TRUE">Shape_Leng</attrlabl><attalias Sync="TRUE">Shape_Leng</attalias><attrtype Sync="TRUE">Double</attrtype><attwidth Sync="TRUE">19</attwidth><atprecis Sync="TRUE">0</atprecis><attscale Sync="TRUE">0</attscale></attr><attr><attrlabl Sync="TRUE">Shape_Area</attrlabl><attalias Sync="TRUE">Shape_Area</attalias><attrtype Sync="TRUE">Double</attrtype><attwidth Sync="TRUE">19</attwidth><atprecis Sync="TRUE">0</atprecis><attscale Sync="TRUE">0</attscale><attrdef Sync="TRUE">Area of feature in internal units squared.</attrdef><attrdefs Sync="TRUE">ESRI</attrdefs><attrdomv><udom Sync="TRUE">Positive real numbers that are automatically generated.</udom></attrdomv></attr></detailed></eainfo><mdDateSt Sync="TRUE">20140124</mdDateSt><dataqual><lineage><procstep><procdesc Sync="TRUE">Dataset copied.</procdesc><srcused Sync="TRUE">Server=ddgi3; Service=5151; Database=sde; User=sde; Version=sde.DEFAULT</srcused><procdate Sync="TRUE">20101123</procdate><proctime Sync="TRUE">11111700</proctime></procstep><procstep><procdesc Sync="TRUE">Dataset copied.</procdesc><srcused Sync="TRUE">\\DIAEA-DRHA-FATN\C$\Documents and Settings\Administrateur\Bureau\SauveBDIrrigation_23112010\DB\Sauve.mdb</srcused><procdate Sync="TRUE">20101123</procdate><proctime Sync="TRUE">15375600</proctime></procstep><procstep><procdesc Sync="TRUE">Jeu de donnÃƒÆ’Ã†â€™Ãƒâ€šÃ‚Â©es copiÃƒÆ’Ã†â€™Ãƒâ€šÃ‚Â©.</procdesc><srcused Sync="TRUE">Server=ddgi3; Service=5151; Database=sde; User=sde; Version=sde.DEFAULT</srcused><procdate Sync="TRUE">20110408</procdate><proctime Sync="TRUE">18290500</proctime></procstep></lineage></dataqual></metadata>
