--
-- PostgreSQL database dump
--

-- Dumped from database version 16.4 (Debian 16.4-1.pgdg110+2)
-- Dumped by pg_dump version 16.4 (Debian 16.4-1.pgdg110+2)

SET statement_timeout = 0;
SET lock_timeout = 0;
SET idle_in_transaction_session_timeout = 0;
SET client_encoding = 'UTF8';
SET standard_conforming_strings = on;
SELECT pg_catalog.set_config('search_path', '', false);
SET check_function_bodies = false;
SET xmloption = content;
SET client_min_messages = warning;
SET row_security = off;

--
-- Name: tiger; Type: SCHEMA; Schema: -; Owner: admin
--

CREATE SCHEMA tiger;


ALTER SCHEMA tiger OWNER TO admin;

--
-- Name: tiger_data; Type: SCHEMA; Schema: -; Owner: admin
--

CREATE SCHEMA tiger_data;


ALTER SCHEMA tiger_data OWNER TO admin;

--
-- Name: topology; Type: SCHEMA; Schema: -; Owner: admin
--

CREATE SCHEMA topology;


ALTER SCHEMA topology OWNER TO admin;

--
-- Name: SCHEMA topology; Type: COMMENT; Schema: -; Owner: admin
--

COMMENT ON SCHEMA topology IS 'PostGIS Topology schema';


--
-- Name: fuzzystrmatch; Type: EXTENSION; Schema: -; Owner: -
--

CREATE EXTENSION IF NOT EXISTS fuzzystrmatch WITH SCHEMA public;


--
-- Name: EXTENSION fuzzystrmatch; Type: COMMENT; Schema: -; Owner: 
--

COMMENT ON EXTENSION fuzzystrmatch IS 'determine similarities and distance between strings';


--
-- Name: postgis; Type: EXTENSION; Schema: -; Owner: -
--

CREATE EXTENSION IF NOT EXISTS postgis WITH SCHEMA public;


--
-- Name: EXTENSION postgis; Type: COMMENT; Schema: -; Owner: 
--

COMMENT ON EXTENSION postgis IS 'PostGIS geometry and geography spatial types and functions';


--
-- Name: postgis_tiger_geocoder; Type: EXTENSION; Schema: -; Owner: -
--

CREATE EXTENSION IF NOT EXISTS postgis_tiger_geocoder WITH SCHEMA tiger;


--
-- Name: EXTENSION postgis_tiger_geocoder; Type: COMMENT; Schema: -; Owner: 
--

COMMENT ON EXTENSION postgis_tiger_geocoder IS 'PostGIS tiger geocoder and reverse geocoder';


--
-- Name: postgis_topology; Type: EXTENSION; Schema: -; Owner: -
--

CREATE EXTENSION IF NOT EXISTS postgis_topology WITH SCHEMA topology;


--
-- Name: EXTENSION postgis_topology; Type: COMMENT; Schema: -; Owner: 
--

COMMENT ON EXTENSION postgis_topology IS 'PostGIS topology spatial types and functions';


SET default_tablespace = '';

SET default_table_access_method = heap;

--
-- Name: auth_group; Type: TABLE; Schema: public; Owner: admin
--

CREATE TABLE public.auth_group (
    id integer NOT NULL,
    name character varying(150) NOT NULL
);


ALTER TABLE public.auth_group OWNER TO admin;

--
-- Name: auth_group_id_seq; Type: SEQUENCE; Schema: public; Owner: admin
--

ALTER TABLE public.auth_group ALTER COLUMN id ADD GENERATED BY DEFAULT AS IDENTITY (
    SEQUENCE NAME public.auth_group_id_seq
    START WITH 1
    INCREMENT BY 1
    NO MINVALUE
    NO MAXVALUE
    CACHE 1
);


--
-- Name: auth_group_permissions; Type: TABLE; Schema: public; Owner: admin
--

CREATE TABLE public.auth_group_permissions (
    id bigint NOT NULL,
    group_id integer NOT NULL,
    permission_id integer NOT NULL
);


ALTER TABLE public.auth_group_permissions OWNER TO admin;

--
-- Name: auth_group_permissions_id_seq; Type: SEQUENCE; Schema: public; Owner: admin
--

ALTER TABLE public.auth_group_permissions ALTER COLUMN id ADD GENERATED BY DEFAULT AS IDENTITY (
    SEQUENCE NAME public.auth_group_permissions_id_seq
    START WITH 1
    INCREMENT BY 1
    NO MINVALUE
    NO MAXVALUE
    CACHE 1
);


--
-- Name: auth_permission; Type: TABLE; Schema: public; Owner: admin
--

CREATE TABLE public.auth_permission (
    id integer NOT NULL,
    name character varying(255) NOT NULL,
    content_type_id integer NOT NULL,
    codename character varying(100) NOT NULL
);


ALTER TABLE public.auth_permission OWNER TO admin;

--
-- Name: auth_permission_id_seq; Type: SEQUENCE; Schema: public; Owner: admin
--

ALTER TABLE public.auth_permission ALTER COLUMN id ADD GENERATED BY DEFAULT AS IDENTITY (
    SEQUENCE NAME public.auth_permission_id_seq
    START WITH 1
    INCREMENT BY 1
    NO MINVALUE
    NO MAXVALUE
    CACHE 1
);


--
-- Name: auth_user; Type: TABLE; Schema: public; Owner: admin
--

CREATE TABLE public.auth_user (
    id integer NOT NULL,
    password character varying(128) NOT NULL,
    last_login timestamp with time zone,
    is_superuser boolean NOT NULL,
    username character varying(150) NOT NULL,
    first_name character varying(150) NOT NULL,
    last_name character varying(150) NOT NULL,
    email character varying(254) NOT NULL,
    is_staff boolean NOT NULL,
    is_active boolean NOT NULL,
    date_joined timestamp with time zone NOT NULL
);


ALTER TABLE public.auth_user OWNER TO admin;

--
-- Name: auth_user_groups; Type: TABLE; Schema: public; Owner: admin
--

CREATE TABLE public.auth_user_groups (
    id bigint NOT NULL,
    user_id integer NOT NULL,
    group_id integer NOT NULL
);


ALTER TABLE public.auth_user_groups OWNER TO admin;

--
-- Name: auth_user_groups_id_seq; Type: SEQUENCE; Schema: public; Owner: admin
--

ALTER TABLE public.auth_user_groups ALTER COLUMN id ADD GENERATED BY DEFAULT AS IDENTITY (
    SEQUENCE NAME public.auth_user_groups_id_seq
    START WITH 1
    INCREMENT BY 1
    NO MINVALUE
    NO MAXVALUE
    CACHE 1
);


--
-- Name: auth_user_id_seq; Type: SEQUENCE; Schema: public; Owner: admin
--

ALTER TABLE public.auth_user ALTER COLUMN id ADD GENERATED BY DEFAULT AS IDENTITY (
    SEQUENCE NAME public.auth_user_id_seq
    START WITH 1
    INCREMENT BY 1
    NO MINVALUE
    NO MAXVALUE
    CACHE 1
);


--
-- Name: auth_user_user_permissions; Type: TABLE; Schema: public; Owner: admin
--

CREATE TABLE public.auth_user_user_permissions (
    id bigint NOT NULL,
    user_id integer NOT NULL,
    permission_id integer NOT NULL
);


ALTER TABLE public.auth_user_user_permissions OWNER TO admin;

--
-- Name: auth_user_user_permissions_id_seq; Type: SEQUENCE; Schema: public; Owner: admin
--

ALTER TABLE public.auth_user_user_permissions ALTER COLUMN id ADD GENERATED BY DEFAULT AS IDENTITY (
    SEQUENCE NAME public.auth_user_user_permissions_id_seq
    START WITH 1
    INCREMENT BY 1
    NO MINVALUE
    NO MAXVALUE
    CACHE 1
);


--
-- Name: django_admin_log; Type: TABLE; Schema: public; Owner: admin
--

CREATE TABLE public.django_admin_log (
    id integer NOT NULL,
    action_time timestamp with time zone NOT NULL,
    object_id text,
    object_repr character varying(200) NOT NULL,
    action_flag smallint NOT NULL,
    change_message text NOT NULL,
    content_type_id integer,
    user_id integer NOT NULL,
    CONSTRAINT django_admin_log_action_flag_check CHECK ((action_flag >= 0))
);


ALTER TABLE public.django_admin_log OWNER TO admin;

--
-- Name: django_admin_log_id_seq; Type: SEQUENCE; Schema: public; Owner: admin
--

ALTER TABLE public.django_admin_log ALTER COLUMN id ADD GENERATED BY DEFAULT AS IDENTITY (
    SEQUENCE NAME public.django_admin_log_id_seq
    START WITH 1
    INCREMENT BY 1
    NO MINVALUE
    NO MAXVALUE
    CACHE 1
);


--
-- Name: django_celery_beat_clockedschedule; Type: TABLE; Schema: public; Owner: admin
--

CREATE TABLE public.django_celery_beat_clockedschedule (
    id integer NOT NULL,
    clocked_time timestamp with time zone NOT NULL
);


ALTER TABLE public.django_celery_beat_clockedschedule OWNER TO admin;

--
-- Name: django_celery_beat_clockedschedule_id_seq; Type: SEQUENCE; Schema: public; Owner: admin
--

ALTER TABLE public.django_celery_beat_clockedschedule ALTER COLUMN id ADD GENERATED BY DEFAULT AS IDENTITY (
    SEQUENCE NAME public.django_celery_beat_clockedschedule_id_seq
    START WITH 1
    INCREMENT BY 1
    NO MINVALUE
    NO MAXVALUE
    CACHE 1
);


--
-- Name: django_celery_beat_crontabschedule; Type: TABLE; Schema: public; Owner: admin
--

CREATE TABLE public.django_celery_beat_crontabschedule (
    id integer NOT NULL,
    minute character varying(240) NOT NULL,
    hour character varying(96) NOT NULL,
    day_of_week character varying(64) NOT NULL,
    day_of_month character varying(124) NOT NULL,
    month_of_year character varying(64) NOT NULL,
    timezone character varying(63) NOT NULL
);


ALTER TABLE public.django_celery_beat_crontabschedule OWNER TO admin;

--
-- Name: django_celery_beat_crontabschedule_id_seq; Type: SEQUENCE; Schema: public; Owner: admin
--

ALTER TABLE public.django_celery_beat_crontabschedule ALTER COLUMN id ADD GENERATED BY DEFAULT AS IDENTITY (
    SEQUENCE NAME public.django_celery_beat_crontabschedule_id_seq
    START WITH 1
    INCREMENT BY 1
    NO MINVALUE
    NO MAXVALUE
    CACHE 1
);


--
-- Name: django_celery_beat_intervalschedule; Type: TABLE; Schema: public; Owner: admin
--

CREATE TABLE public.django_celery_beat_intervalschedule (
    id integer NOT NULL,
    every integer NOT NULL,
    period character varying(24) NOT NULL
);


ALTER TABLE public.django_celery_beat_intervalschedule OWNER TO admin;

--
-- Name: django_celery_beat_intervalschedule_id_seq; Type: SEQUENCE; Schema: public; Owner: admin
--

ALTER TABLE public.django_celery_beat_intervalschedule ALTER COLUMN id ADD GENERATED BY DEFAULT AS IDENTITY (
    SEQUENCE NAME public.django_celery_beat_intervalschedule_id_seq
    START WITH 1
    INCREMENT BY 1
    NO MINVALUE
    NO MAXVALUE
    CACHE 1
);


--
-- Name: django_celery_beat_periodictask; Type: TABLE; Schema: public; Owner: admin
--

CREATE TABLE public.django_celery_beat_periodictask (
    id integer NOT NULL,
    name character varying(200) NOT NULL,
    task character varying(200) NOT NULL,
    args text NOT NULL,
    kwargs text NOT NULL,
    queue character varying(200),
    exchange character varying(200),
    routing_key character varying(200),
    expires timestamp with time zone,
    enabled boolean NOT NULL,
    last_run_at timestamp with time zone,
    total_run_count integer NOT NULL,
    date_changed timestamp with time zone NOT NULL,
    description text NOT NULL,
    crontab_id integer,
    interval_id integer,
    solar_id integer,
    one_off boolean NOT NULL,
    start_time timestamp with time zone,
    priority integer,
    headers text NOT NULL,
    clocked_id integer,
    expire_seconds integer,
    CONSTRAINT django_celery_beat_periodictask_expire_seconds_check CHECK ((expire_seconds >= 0)),
    CONSTRAINT django_celery_beat_periodictask_priority_check CHECK ((priority >= 0)),
    CONSTRAINT django_celery_beat_periodictask_total_run_count_check CHECK ((total_run_count >= 0))
);


ALTER TABLE public.django_celery_beat_periodictask OWNER TO admin;

--
-- Name: django_celery_beat_periodictask_id_seq; Type: SEQUENCE; Schema: public; Owner: admin
--

ALTER TABLE public.django_celery_beat_periodictask ALTER COLUMN id ADD GENERATED BY DEFAULT AS IDENTITY (
    SEQUENCE NAME public.django_celery_beat_periodictask_id_seq
    START WITH 1
    INCREMENT BY 1
    NO MINVALUE
    NO MAXVALUE
    CACHE 1
);


--
-- Name: django_celery_beat_periodictasks; Type: TABLE; Schema: public; Owner: admin
--

CREATE TABLE public.django_celery_beat_periodictasks (
    ident smallint NOT NULL,
    last_update timestamp with time zone NOT NULL
);


ALTER TABLE public.django_celery_beat_periodictasks OWNER TO admin;

--
-- Name: django_celery_beat_solarschedule; Type: TABLE; Schema: public; Owner: admin
--

CREATE TABLE public.django_celery_beat_solarschedule (
    id integer NOT NULL,
    event character varying(24) NOT NULL,
    latitude numeric(9,6) NOT NULL,
    longitude numeric(9,6) NOT NULL
);


ALTER TABLE public.django_celery_beat_solarschedule OWNER TO admin;

--
-- Name: django_celery_beat_solarschedule_id_seq; Type: SEQUENCE; Schema: public; Owner: admin
--

ALTER TABLE public.django_celery_beat_solarschedule ALTER COLUMN id ADD GENERATED BY DEFAULT AS IDENTITY (
    SEQUENCE NAME public.django_celery_beat_solarschedule_id_seq
    START WITH 1
    INCREMENT BY 1
    NO MINVALUE
    NO MAXVALUE
    CACHE 1
);


--
-- Name: django_celery_results_chordcounter; Type: TABLE; Schema: public; Owner: admin
--

CREATE TABLE public.django_celery_results_chordcounter (
    id integer NOT NULL,
    group_id character varying(255) NOT NULL,
    sub_tasks text NOT NULL,
    count integer NOT NULL,
    CONSTRAINT django_celery_results_chordcounter_count_check CHECK ((count >= 0))
);


ALTER TABLE public.django_celery_results_chordcounter OWNER TO admin;

--
-- Name: django_celery_results_chordcounter_id_seq; Type: SEQUENCE; Schema: public; Owner: admin
--

ALTER TABLE public.django_celery_results_chordcounter ALTER COLUMN id ADD GENERATED BY DEFAULT AS IDENTITY (
    SEQUENCE NAME public.django_celery_results_chordcounter_id_seq
    START WITH 1
    INCREMENT BY 1
    NO MINVALUE
    NO MAXVALUE
    CACHE 1
);


--
-- Name: django_celery_results_groupresult; Type: TABLE; Schema: public; Owner: admin
--

CREATE TABLE public.django_celery_results_groupresult (
    id integer NOT NULL,
    group_id character varying(255) NOT NULL,
    date_created timestamp with time zone NOT NULL,
    date_done timestamp with time zone NOT NULL,
    content_type character varying(128) NOT NULL,
    content_encoding character varying(64) NOT NULL,
    result text
);


ALTER TABLE public.django_celery_results_groupresult OWNER TO admin;

--
-- Name: django_celery_results_groupresult_id_seq; Type: SEQUENCE; Schema: public; Owner: admin
--

ALTER TABLE public.django_celery_results_groupresult ALTER COLUMN id ADD GENERATED BY DEFAULT AS IDENTITY (
    SEQUENCE NAME public.django_celery_results_groupresult_id_seq
    START WITH 1
    INCREMENT BY 1
    NO MINVALUE
    NO MAXVALUE
    CACHE 1
);


--
-- Name: django_celery_results_taskresult; Type: TABLE; Schema: public; Owner: admin
--

CREATE TABLE public.django_celery_results_taskresult (
    id integer NOT NULL,
    task_id character varying(255) NOT NULL,
    status character varying(50) NOT NULL,
    content_type character varying(128) NOT NULL,
    content_encoding character varying(64) NOT NULL,
    result text,
    date_done timestamp with time zone NOT NULL,
    traceback text,
    meta text,
    task_args text,
    task_kwargs text,
    task_name character varying(255),
    worker character varying(100),
    date_created timestamp with time zone NOT NULL,
    periodic_task_name character varying(255)
);


ALTER TABLE public.django_celery_results_taskresult OWNER TO admin;

--
-- Name: django_celery_results_taskresult_id_seq; Type: SEQUENCE; Schema: public; Owner: admin
--

ALTER TABLE public.django_celery_results_taskresult ALTER COLUMN id ADD GENERATED BY DEFAULT AS IDENTITY (
    SEQUENCE NAME public.django_celery_results_taskresult_id_seq
    START WITH 1
    INCREMENT BY 1
    NO MINVALUE
    NO MAXVALUE
    CACHE 1
);


--
-- Name: django_content_type; Type: TABLE; Schema: public; Owner: admin
--

CREATE TABLE public.django_content_type (
    id integer NOT NULL,
    app_label character varying(100) NOT NULL,
    model character varying(100) NOT NULL
);


ALTER TABLE public.django_content_type OWNER TO admin;

--
-- Name: django_content_type_id_seq; Type: SEQUENCE; Schema: public; Owner: admin
--

ALTER TABLE public.django_content_type ALTER COLUMN id ADD GENERATED BY DEFAULT AS IDENTITY (
    SEQUENCE NAME public.django_content_type_id_seq
    START WITH 1
    INCREMENT BY 1
    NO MINVALUE
    NO MAXVALUE
    CACHE 1
);


--
-- Name: django_migrations; Type: TABLE; Schema: public; Owner: admin
--

CREATE TABLE public.django_migrations (
    id bigint NOT NULL,
    app character varying(255) NOT NULL,
    name character varying(255) NOT NULL,
    applied timestamp with time zone NOT NULL
);


ALTER TABLE public.django_migrations OWNER TO admin;

--
-- Name: django_migrations_id_seq; Type: SEQUENCE; Schema: public; Owner: admin
--

ALTER TABLE public.django_migrations ALTER COLUMN id ADD GENERATED BY DEFAULT AS IDENTITY (
    SEQUENCE NAME public.django_migrations_id_seq
    START WITH 1
    INCREMENT BY 1
    NO MINVALUE
    NO MAXVALUE
    CACHE 1
);


--
-- Name: django_session; Type: TABLE; Schema: public; Owner: admin
--

CREATE TABLE public.django_session (
    session_key character varying(40) NOT NULL,
    session_data text NOT NULL,
    expire_date timestamp with time zone NOT NULL
);


ALTER TABLE public.django_session OWNER TO admin;

--
-- Name: models_only_aquacrop_output; Type: TABLE; Schema: public; Owner: admin
--

CREATE TABLE public.models_only_aquacrop_output (
    id bigint NOT NULL,
    date date,
    "IrrDay" double precision NOT NULL,
    "Tr" double precision NOT NULL,
    "DeepPerc" double precision NOT NULL,
    "Es" double precision NOT NULL,
    "Th1" double precision NOT NULL,
    "Th2" double precision NOT NULL,
    th3 double precision NOT NULL,
    gdd_cum double precision NOT NULL,
    canopy_cover double precision NOT NULL,
    biomass double precision NOT NULL,
    z_root double precision NOT NULL,
    "DryYield" double precision NOT NULL,
    "FreshYield" double precision NOT NULL,
    harvest_index double precision NOT NULL,
    "ET" double precision NOT NULL,
    field_id_id bigint NOT NULL
);


ALTER TABLE public.models_only_aquacrop_output OWNER TO admin;

--
-- Name: models_only_aquacrop_output_id_seq; Type: SEQUENCE; Schema: public; Owner: admin
--

ALTER TABLE public.models_only_aquacrop_output ALTER COLUMN id ADD GENERATED BY DEFAULT AS IDENTITY (
    SEQUENCE NAME public.models_only_aquacrop_output_id_seq
    START WITH 1
    INCREMENT BY 1
    NO MINVALUE
    NO MAXVALUE
    CACHE 1
);


--
-- Name: models_only_crop; Type: TABLE; Schema: public; Owner: admin
--

CREATE TABLE public.models_only_crop (
    id bigint NOT NULL,
    "Crop" character varying(30),
    "Crop_planting_date" date,
    "Tree" character varying(30),
    "Tree_planting_date" date,
    field_id_id bigint NOT NULL
);


ALTER TABLE public.models_only_crop OWNER TO admin;

--
-- Name: models_only_crop_id_seq; Type: SEQUENCE; Schema: public; Owner: admin
--

ALTER TABLE public.models_only_crop ALTER COLUMN id ADD GENERATED BY DEFAULT AS IDENTITY (
    SEQUENCE NAME public.models_only_crop_id_seq
    START WITH 1
    INCREMENT BY 1
    NO MINVALUE
    NO MAXVALUE
    CACHE 1
);


--
-- Name: models_only_drip_irrigation; Type: TABLE; Schema: public; Owner: admin
--

CREATE TABLE public.models_only_drip_irrigation (
    irrigation_system_ptr_id bigint NOT NULL,
    "Crop_Tubes_distance" double precision,
    "Crop_Drippers_distance" double precision,
    "Crop_outflow_rate" double precision,
    "Tree_row_distance" double precision,
    "Tree_distance" double precision,
    "Tubes_number_by_tree" double precision,
    drippers_number_by_tree double precision,
    "Tree_outflow_rate" double precision
);


ALTER TABLE public.models_only_drip_irrigation OWNER TO admin;

--
-- Name: models_only_drone; Type: TABLE; Schema: public; Owner: admin
--

CREATE TABLE public.models_only_drone (
    id bigint NOT NULL,
    datetime date,
    field_id_id bigint
);


ALTER TABLE public.models_only_drone OWNER TO admin;

--
-- Name: models_only_drone_id_seq; Type: SEQUENCE; Schema: public; Owner: admin
--

ALTER TABLE public.models_only_drone ALTER COLUMN id ADD GENERATED BY DEFAULT AS IDENTITY (
    SEQUENCE NAME public.models_only_drone_id_seq
    START WITH 1
    INCREMENT BY 1
    NO MINVALUE
    NO MAXVALUE
    CACHE 1
);


--
-- Name: models_only_fao_crop_parametre; Type: TABLE; Schema: public; Owner: admin
--

CREATE TABLE public.models_only_fao_crop_parametre (
    id bigint NOT NULL,
    crop character varying(20) NOT NULL,
    "Kcbini" double precision,
    "Kcbmid" double precision,
    "Kcbend" double precision,
    "Lini" double precision,
    "Ldev" double precision,
    "Lmid" double precision,
    "Lend" double precision,
    "Zrini" double precision NOT NULL,
    zrmax double precision,
    pbase double precision,
    "Ze" double precision NOT NULL
);


ALTER TABLE public.models_only_fao_crop_parametre OWNER TO admin;

--
-- Name: models_only_fao_crop_parametre_id_seq; Type: SEQUENCE; Schema: public; Owner: admin
--

ALTER TABLE public.models_only_fao_crop_parametre ALTER COLUMN id ADD GENERATED BY DEFAULT AS IDENTITY (
    SEQUENCE NAME public.models_only_fao_crop_parametre_id_seq
    START WITH 1
    INCREMENT BY 1
    NO MINVALUE
    NO MAXVALUE
    CACHE 1
);


--
-- Name: models_only_fao_output; Type: TABLE; Schema: public; Owner: admin
--

CREATE TABLE public.models_only_fao_output (
    id bigint NOT NULL,
    date date,
    field_id bigint NOT NULL
);


ALTER TABLE public.models_only_fao_output OWNER TO admin;

--
-- Name: models_only_fao_output_id_seq; Type: SEQUENCE; Schema: public; Owner: admin
--

ALTER TABLE public.models_only_fao_output ALTER COLUMN id ADD GENERATED BY DEFAULT AS IDENTITY (
    SEQUENCE NAME public.models_only_fao_output_id_seq
    START WITH 1
    INCREMENT BY 1
    NO MINVALUE
    NO MAXVALUE
    CACHE 1
);


--
-- Name: models_only_farmer; Type: TABLE; Schema: public; Owner: admin
--

CREATE TABLE public.models_only_farmer (
    id bigint NOT NULL,
    first_name character varying(30),
    last_name character varying(30),
    email character varying(50),
    password character varying(128)
);


ALTER TABLE public.models_only_farmer OWNER TO admin;

--
-- Name: models_only_farmer_id_seq; Type: SEQUENCE; Schema: public; Owner: admin
--

ALTER TABLE public.models_only_farmer ALTER COLUMN id ADD GENERATED BY DEFAULT AS IDENTITY (
    SEQUENCE NAME public.models_only_farmer_id_seq
    START WITH 1
    INCREMENT BY 1
    NO MINVALUE
    NO MAXVALUE
    CACHE 1
);


--
-- Name: models_only_field; Type: TABLE; Schema: public; Owner: admin
--

CREATE TABLE public.models_only_field (
    id bigint NOT NULL,
    name character varying(30) NOT NULL,
    boundaries public.geometry(Polygon,4326) NOT NULL,
    user_id_id bigint NOT NULL
);


ALTER TABLE public.models_only_field OWNER TO admin;

--
-- Name: models_only_field_id_seq; Type: SEQUENCE; Schema: public; Owner: admin
--

ALTER TABLE public.models_only_field ALTER COLUMN id ADD GENERATED BY DEFAULT AS IDENTITY (
    SEQUENCE NAME public.models_only_field_id_seq
    START WITH 1
    INCREMENT BY 1
    NO MINVALUE
    NO MAXVALUE
    CACHE 1
);


--
-- Name: models_only_forcast_weather_date; Type: TABLE; Schema: public; Owner: admin
--

CREATE TABLE public.models_only_forcast_weather_date (
    id bigint NOT NULL,
    "Date" timestamp with time zone,
    "T2m" double precision,
    "Ws" double precision,
    "Et0" double precision,
    "Rain" double precision,
    "Rh" double precision,
    "D2m" double precision,
    "Field_id_id" bigint NOT NULL
);


ALTER TABLE public.models_only_forcast_weather_date OWNER TO admin;

--
-- Name: models_only_forcast_weather_date_id_seq; Type: SEQUENCE; Schema: public; Owner: admin
--

ALTER TABLE public.models_only_forcast_weather_date ALTER COLUMN id ADD GENERATED BY DEFAULT AS IDENTITY (
    SEQUENCE NAME public.models_only_forcast_weather_date_id_seq
    START WITH 1
    INCREMENT BY 1
    NO MINVALUE
    NO MAXVALUE
    CACHE 1
);


--
-- Name: models_only_irrigation_amount; Type: TABLE; Schema: public; Owner: admin
--

CREATE TABLE public.models_only_irrigation_amount (
    id bigint NOT NULL,
    amount double precision NOT NULL,
    date date NOT NULL,
    irrigation_system_id_id bigint NOT NULL,
    amount_type character varying(50)
);


ALTER TABLE public.models_only_irrigation_amount OWNER TO admin;

--
-- Name: models_only_irrigation_amount_id_seq; Type: SEQUENCE; Schema: public; Owner: admin
--

ALTER TABLE public.models_only_irrigation_amount ALTER COLUMN id ADD GENERATED BY DEFAULT AS IDENTITY (
    SEQUENCE NAME public.models_only_irrigation_amount_id_seq
    START WITH 1
    INCREMENT BY 1
    NO MINVALUE
    NO MAXVALUE
    CACHE 1
);


--
-- Name: models_only_irrigation_system; Type: TABLE; Schema: public; Owner: admin
--

CREATE TABLE public.models_only_irrigation_system (
    id bigint NOT NULL,
    irrigation_type character varying(20) NOT NULL,
    instalation_date date,
    field_id_id bigint NOT NULL
);


ALTER TABLE public.models_only_irrigation_system OWNER TO admin;

--
-- Name: models_only_irrigation_system_id_seq; Type: SEQUENCE; Schema: public; Owner: admin
--

ALTER TABLE public.models_only_irrigation_system ALTER COLUMN id ADD GENERATED BY DEFAULT AS IDENTITY (
    SEQUENCE NAME public.models_only_irrigation_system_id_seq
    START WITH 1
    INCREMENT BY 1
    NO MINVALUE
    NO MAXVALUE
    CACHE 1
);


--
-- Name: models_only_lidar; Type: TABLE; Schema: public; Owner: admin
--

CREATE TABLE public.models_only_lidar (
    id bigint NOT NULL,
    datetime date,
    field_id_id bigint
);


ALTER TABLE public.models_only_lidar OWNER TO admin;

--
-- Name: models_only_lidar_id_seq; Type: SEQUENCE; Schema: public; Owner: admin
--

ALTER TABLE public.models_only_lidar ALTER COLUMN id ADD GENERATED BY DEFAULT AS IDENTITY (
    SEQUENCE NAME public.models_only_lidar_id_seq
    START WITH 1
    INCREMENT BY 1
    NO MINVALUE
    NO MAXVALUE
    CACHE 1
);


--
-- Name: models_only_maitenance_dates; Type: TABLE; Schema: public; Owner: admin
--

CREATE TABLE public.models_only_maitenance_dates (
    id bigint NOT NULL,
    date date NOT NULL,
    irrigation_system_id_id bigint NOT NULL
);


ALTER TABLE public.models_only_maitenance_dates OWNER TO admin;

--
-- Name: models_only_maitenance_dates_id_seq; Type: SEQUENCE; Schema: public; Owner: admin
--

ALTER TABLE public.models_only_maitenance_dates ALTER COLUMN id ADD GENERATED BY DEFAULT AS IDENTITY (
    SEQUENCE NAME public.models_only_maitenance_dates_id_seq
    START WITH 1
    INCREMENT BY 1
    NO MINVALUE
    NO MAXVALUE
    CACHE 1
);


--
-- Name: models_only_ogimet_stations; Type: TABLE; Schema: public; Owner: admin
--

CREATE TABLE public.models_only_ogimet_stations (
    id bigint NOT NULL,
    station_id integer,
    lat character varying(50) NOT NULL,
    long character varying(50) NOT NULL,
    location_name character varying(50) NOT NULL
);


ALTER TABLE public.models_only_ogimet_stations OWNER TO admin;

--
-- Name: models_only_ogimet_stations_id_seq; Type: SEQUENCE; Schema: public; Owner: admin
--

ALTER TABLE public.models_only_ogimet_stations ALTER COLUMN id ADD GENERATED BY DEFAULT AS IDENTITY (
    SEQUENCE NAME public.models_only_ogimet_stations_id_seq
    START WITH 1
    INCREMENT BY 1
    NO MINVALUE
    NO MAXVALUE
    CACHE 1
);


--
-- Name: models_only_policymaker; Type: TABLE; Schema: public; Owner: admin
--

CREATE TABLE public.models_only_policymaker (
    id bigint NOT NULL,
    first_name character varying(30),
    last_name character varying(30),
    email character varying(50),
    password character varying(128)
);


ALTER TABLE public.models_only_policymaker OWNER TO admin;

--
-- Name: models_only_policymaker_id_seq; Type: SEQUENCE; Schema: public; Owner: admin
--

ALTER TABLE public.models_only_policymaker ALTER COLUMN id ADD GENERATED BY DEFAULT AS IDENTITY (
    SEQUENCE NAME public.models_only_policymaker_id_seq
    START WITH 1
    INCREMENT BY 1
    NO MINVALUE
    NO MAXVALUE
    CACHE 1
);


--
-- Name: models_only_remote_sensing; Type: TABLE; Schema: public; Owner: admin
--

CREATE TABLE public.models_only_remote_sensing (
    id bigint NOT NULL,
    datetime date,
    path character varying(50) NOT NULL,
    "RS_type" character varying(50) NOT NULL,
    source character varying(50) NOT NULL,
    field_id_id bigint
);


ALTER TABLE public.models_only_remote_sensing OWNER TO admin;

--
-- Name: models_only_remote_sensing_id_seq; Type: SEQUENCE; Schema: public; Owner: admin
--

ALTER TABLE public.models_only_remote_sensing ALTER COLUMN id ADD GENERATED BY DEFAULT AS IDENTITY (
    SEQUENCE NAME public.models_only_remote_sensing_id_seq
    START WITH 1
    INCREMENT BY 1
    NO MINVALUE
    NO MAXVALUE
    CACHE 1
);


--
-- Name: models_only_searcher; Type: TABLE; Schema: public; Owner: admin
--

CREATE TABLE public.models_only_searcher (
    id bigint NOT NULL,
    first_name character varying(30),
    last_name character varying(30),
    email character varying(50),
    password character varying(128)
);


ALTER TABLE public.models_only_searcher OWNER TO admin;

--
-- Name: models_only_searcher_id_seq; Type: SEQUENCE; Schema: public; Owner: admin
--

ALTER TABLE public.models_only_searcher ALTER COLUMN id ADD GENERATED BY DEFAULT AS IDENTITY (
    SEQUENCE NAME public.models_only_searcher_id_seq
    START WITH 1
    INCREMENT BY 1
    NO MINVALUE
    NO MAXVALUE
    CACHE 1
);


--
-- Name: models_only_sentinel2; Type: TABLE; Schema: public; Owner: admin
--

CREATE TABLE public.models_only_sentinel2 (
    id bigint NOT NULL,
    path character varying(50) NOT NULL,
    date date
);


ALTER TABLE public.models_only_sentinel2 OWNER TO admin;

--
-- Name: models_only_sentinel2_id_seq; Type: SEQUENCE; Schema: public; Owner: admin
--

ALTER TABLE public.models_only_sentinel2 ALTER COLUMN id ADD GENERATED BY DEFAULT AS IDENTITY (
    SEQUENCE NAME public.models_only_sentinel2_id_seq
    START WITH 1
    INCREMENT BY 1
    NO MINVALUE
    NO MAXVALUE
    CACHE 1
);


--
-- Name: models_only_soil; Type: TABLE; Schema: public; Owner: admin
--

CREATE TABLE public.models_only_soil (
    id bigint NOT NULL,
    soil_input_method character varying(20) NOT NULL,
    soil_type character varying(20),
    sand_percentage integer,
    silt_percentage integer,
    clay_percentage integer,
    field_id_id bigint NOT NULL
);


ALTER TABLE public.models_only_soil OWNER TO admin;

--
-- Name: models_only_soil_analysis; Type: TABLE; Schema: public; Owner: admin
--

CREATE TABLE public.models_only_soil_analysis (
    id bigint NOT NULL,
    "PH_eau" double precision NOT NULL,
    "EC_ms_cm" double precision NOT NULL,
    "EC_ms_cm_pate_saturée" double precision NOT NULL,
    "Argile" double precision NOT NULL,
    "Limon" double precision NOT NULL,
    "Sable" double precision NOT NULL,
    "MO" double precision NOT NULL,
    "Nt" double precision NOT NULL,
    "P205" double precision NOT NULL,
    "K20" double precision NOT NULL,
    "Na20" double precision NOT NULL,
    "Na" double precision NOT NULL,
    "Cao" double precision NOT NULL,
    "Ca" double precision NOT NULL,
    "MGo" double precision NOT NULL,
    "Mg" double precision NOT NULL,
    "SAR" double precision NOT NULL,
    "Cu" double precision NOT NULL,
    "Mn" double precision NOT NULL,
    "Fe" double precision NOT NULL,
    "Zn" double precision NOT NULL,
    "NNH4" double precision NOT NULL,
    "NO3" double precision NOT NULL,
    "CI" double precision NOT NULL,
    "BORE" double precision NOT NULL,
    "Caco3" double precision NOT NULL,
    "Caco3_actif_AXB" double precision NOT NULL,
    soil_id_id bigint NOT NULL
);


ALTER TABLE public.models_only_soil_analysis OWNER TO admin;

--
-- Name: models_only_soil_analysis_id_seq; Type: SEQUENCE; Schema: public; Owner: admin
--

ALTER TABLE public.models_only_soil_analysis ALTER COLUMN id ADD GENERATED BY DEFAULT AS IDENTITY (
    SEQUENCE NAME public.models_only_soil_analysis_id_seq
    START WITH 1
    INCREMENT BY 1
    NO MINVALUE
    NO MAXVALUE
    CACHE 1
);


--
-- Name: models_only_soil_id_seq; Type: SEQUENCE; Schema: public; Owner: admin
--

ALTER TABLE public.models_only_soil ALTER COLUMN id ADD GENERATED BY DEFAULT AS IDENTITY (
    SEQUENCE NAME public.models_only_soil_id_seq
    START WITH 1
    INCREMENT BY 1
    NO MINVALUE
    NO MAXVALUE
    CACHE 1
);


--
-- Name: models_only_sol_fao_parametre; Type: TABLE; Schema: public; Owner: admin
--

CREATE TABLE public.models_only_sol_fao_parametre (
    id bigint NOT NULL,
    sol character varying(20) NOT NULL,
    "REW_min" double precision,
    "REW_max" double precision,
    "thetaFC_min" double precision,
    "thetaFC_max" double precision,
    "thetaWP_min" double precision,
    "thetaWP_max" double precision
);


ALTER TABLE public.models_only_sol_fao_parametre OWNER TO admin;

--
-- Name: models_only_sol_fao_parametre_id_seq; Type: SEQUENCE; Schema: public; Owner: admin
--

ALTER TABLE public.models_only_sol_fao_parametre ALTER COLUMN id ADD GENERATED BY DEFAULT AS IDENTITY (
    SEQUENCE NAME public.models_only_sol_fao_parametre_id_seq
    START WITH 1
    INCREMENT BY 1
    NO MINVALUE
    NO MAXVALUE
    CACHE 1
);


--
-- Name: models_only_sprinkler_irrigation; Type: TABLE; Schema: public; Owner: admin
--

CREATE TABLE public.models_only_sprinkler_irrigation (
    irrigation_system_ptr_id bigint NOT NULL,
    coverage_area integer,
    outflow_rate integer,
    number_of_sprinklers integer
);


ALTER TABLE public.models_only_sprinkler_irrigation OWNER TO admin;

--
-- Name: models_only_station; Type: TABLE; Schema: public; Owner: admin
--

CREATE TABLE public.models_only_station (
    id bigint NOT NULL,
    datetime date,
    coordinates character varying(50) NOT NULL,
    station_type character varying(20) NOT NULL,
    sensor_type character varying(20) NOT NULL,
    mesur integer NOT NULL,
    field_id_id bigint
);


ALTER TABLE public.models_only_station OWNER TO admin;

--
-- Name: models_only_station_id_seq; Type: SEQUENCE; Schema: public; Owner: admin
--

ALTER TABLE public.models_only_station ALTER COLUMN id ADD GENERATED BY DEFAULT AS IDENTITY (
    SEQUENCE NAME public.models_only_station_id_seq
    START WITH 1
    INCREMENT BY 1
    NO MINVALUE
    NO MAXVALUE
    CACHE 1
);


--
-- Name: models_only_surface_irrigation; Type: TABLE; Schema: public; Owner: admin
--

CREATE TABLE public.models_only_surface_irrigation (
    irrigation_system_ptr_id bigint NOT NULL
);


ALTER TABLE public.models_only_surface_irrigation OWNER TO admin;

--
-- Name: models_only_weather_date; Type: TABLE; Schema: public; Owner: admin
--

CREATE TABLE public.models_only_weather_date (
    id bigint NOT NULL,
    "Date" timestamp with time zone,
    "T2m" double precision,
    "Ws" double precision,
    "Et0" double precision,
    "Rain" double precision,
    "Rh" double precision,
    "D2m" double precision,
    "Field_id_id" bigint NOT NULL
);


ALTER TABLE public.models_only_weather_date OWNER TO admin;

--
-- Name: models_only_weather_date_id_seq; Type: SEQUENCE; Schema: public; Owner: admin
--

ALTER TABLE public.models_only_weather_date ALTER COLUMN id ADD GENERATED BY DEFAULT AS IDENTITY (
    SEQUENCE NAME public.models_only_weather_date_id_seq
    START WITH 1
    INCREMENT BY 1
    NO MINVALUE
    NO MAXVALUE
    CACHE 1
);


--
-- Data for Name: auth_group; Type: TABLE DATA; Schema: public; Owner: admin
--

COPY public.auth_group (id, name) FROM stdin;
\.


--
-- Data for Name: auth_group_permissions; Type: TABLE DATA; Schema: public; Owner: admin
--

COPY public.auth_group_permissions (id, group_id, permission_id) FROM stdin;
\.


--
-- Data for Name: auth_permission; Type: TABLE DATA; Schema: public; Owner: admin
--

COPY public.auth_permission (id, name, content_type_id, codename) FROM stdin;
1	Can add log entry	1	add_logentry
2	Can change log entry	1	change_logentry
3	Can delete log entry	1	delete_logentry
4	Can view log entry	1	view_logentry
5	Can add permission	2	add_permission
6	Can change permission	2	change_permission
7	Can delete permission	2	delete_permission
8	Can view permission	2	view_permission
9	Can add group	3	add_group
10	Can change group	3	change_group
11	Can delete group	3	delete_group
12	Can view group	3	view_group
13	Can add user	4	add_user
14	Can change user	4	change_user
15	Can delete user	4	delete_user
16	Can view user	4	view_user
17	Can add content type	5	add_contenttype
18	Can change content type	5	change_contenttype
19	Can delete content type	5	delete_contenttype
20	Can view content type	5	view_contenttype
21	Can add session	6	add_session
22	Can change session	6	change_session
23	Can delete session	6	delete_session
24	Can view session	6	view_session
25	Can add farmer	7	add_farmer
26	Can change farmer	7	change_farmer
27	Can delete farmer	7	delete_farmer
28	Can view farmer	7	view_farmer
29	Can add searcher	8	add_searcher
30	Can change searcher	8	change_searcher
31	Can delete searcher	8	delete_searcher
32	Can view searcher	8	view_searcher
33	Can add policy maker	9	add_policymaker
34	Can change policy maker	9	change_policymaker
35	Can delete policy maker	9	delete_policymaker
36	Can view policy maker	9	view_policymaker
37	Can add field	10	add_field
38	Can change field	10	change_field
39	Can delete field	10	delete_field
40	Can view field	10	view_field
41	Can add crop	11	add_crop
42	Can change crop	11	change_crop
43	Can delete crop	11	delete_crop
44	Can view crop	11	view_crop
45	Can add soil	12	add_soil
46	Can change soil	12	change_soil
47	Can delete soil	12	delete_soil
48	Can view soil	12	view_soil
49	Can add soil_analysis	13	add_soil_analysis
50	Can change soil_analysis	13	change_soil_analysis
51	Can delete soil_analysis	13	delete_soil_analysis
52	Can view soil_analysis	13	view_soil_analysis
53	Can add remote_sensing	14	add_remote_sensing
54	Can change remote_sensing	14	change_remote_sensing
55	Can delete remote_sensing	14	delete_remote_sensing
56	Can view remote_sensing	14	view_remote_sensing
57	Can add station	15	add_station
58	Can change station	15	change_station
59	Can delete station	15	delete_station
60	Can view station	15	view_station
61	Can add lidar	16	add_lidar
62	Can change lidar	16	change_lidar
63	Can delete lidar	16	delete_lidar
64	Can view lidar	16	view_lidar
65	Can add drone	17	add_drone
66	Can change drone	17	change_drone
67	Can delete drone	17	delete_drone
68	Can view drone	17	view_drone
69	Can add ogimet_stations	18	add_ogimet_stations
70	Can change ogimet_stations	18	change_ogimet_stations
71	Can delete ogimet_stations	18	delete_ogimet_stations
72	Can view ogimet_stations	18	view_ogimet_stations
73	Can add irrigation_system	19	add_irrigation_system
74	Can change irrigation_system	19	change_irrigation_system
75	Can delete irrigation_system	19	delete_irrigation_system
76	Can view irrigation_system	19	view_irrigation_system
77	Can add irrigation_amount	20	add_irrigation_amount
78	Can change irrigation_amount	20	change_irrigation_amount
79	Can delete irrigation_amount	20	delete_irrigation_amount
80	Can view irrigation_amount	20	view_irrigation_amount
81	Can add surface_irrigation	21	add_surface_irrigation
82	Can change surface_irrigation	21	change_surface_irrigation
83	Can delete surface_irrigation	21	delete_surface_irrigation
84	Can view surface_irrigation	21	view_surface_irrigation
85	Can add sprinkler_irrigation	22	add_sprinkler_irrigation
86	Can change sprinkler_irrigation	22	change_sprinkler_irrigation
87	Can delete sprinkler_irrigation	22	delete_sprinkler_irrigation
88	Can view sprinkler_irrigation	22	view_sprinkler_irrigation
89	Can add drip_ irrigation	23	add_drip_irrigation
90	Can change drip_ irrigation	23	change_drip_irrigation
91	Can delete drip_ irrigation	23	delete_drip_irrigation
92	Can view drip_ irrigation	23	view_drip_irrigation
93	Can add maitenance_dates	24	add_maitenance_dates
94	Can change maitenance_dates	24	change_maitenance_dates
95	Can delete maitenance_dates	24	delete_maitenance_dates
96	Can view maitenance_dates	24	view_maitenance_dates
97	Can add sol_ fao_ parametre	25	add_sol_fao_parametre
98	Can change sol_ fao_ parametre	25	change_sol_fao_parametre
99	Can delete sol_ fao_ parametre	25	delete_sol_fao_parametre
100	Can view sol_ fao_ parametre	25	view_sol_fao_parametre
101	Can add fao_ crop_ parametre	26	add_fao_crop_parametre
102	Can change fao_ crop_ parametre	26	change_fao_crop_parametre
103	Can delete fao_ crop_ parametre	26	delete_fao_crop_parametre
104	Can view fao_ crop_ parametre	26	view_fao_crop_parametre
105	Can add fao_output	27	add_fao_output
106	Can change fao_output	27	change_fao_output
107	Can delete fao_output	27	delete_fao_output
108	Can view fao_output	27	view_fao_output
109	Can add sentinel2	28	add_sentinel2
110	Can change sentinel2	28	change_sentinel2
111	Can delete sentinel2	28	delete_sentinel2
112	Can view sentinel2	28	view_sentinel2
113	Can add weather_date	29	add_weather_date
114	Can change weather_date	29	change_weather_date
115	Can delete weather_date	29	delete_weather_date
116	Can view weather_date	29	view_weather_date
117	Can add forcast_ weather_date	30	add_forcast_weather_date
118	Can change forcast_ weather_date	30	change_forcast_weather_date
119	Can delete forcast_ weather_date	30	delete_forcast_weather_date
120	Can view forcast_ weather_date	30	view_forcast_weather_date
121	Can add aquacrop_output	31	add_aquacrop_output
122	Can change aquacrop_output	31	change_aquacrop_output
123	Can delete aquacrop_output	31	delete_aquacrop_output
124	Can view aquacrop_output	31	view_aquacrop_output
125	Can add crontab	32	add_crontabschedule
126	Can change crontab	32	change_crontabschedule
127	Can delete crontab	32	delete_crontabschedule
128	Can view crontab	32	view_crontabschedule
129	Can add interval	33	add_intervalschedule
130	Can change interval	33	change_intervalschedule
131	Can delete interval	33	delete_intervalschedule
132	Can view interval	33	view_intervalschedule
133	Can add periodic task	34	add_periodictask
134	Can change periodic task	34	change_periodictask
135	Can delete periodic task	34	delete_periodictask
136	Can view periodic task	34	view_periodictask
137	Can add periodic task track	35	add_periodictasks
138	Can change periodic task track	35	change_periodictasks
139	Can delete periodic task track	35	delete_periodictasks
140	Can view periodic task track	35	view_periodictasks
141	Can add solar event	36	add_solarschedule
142	Can change solar event	36	change_solarschedule
143	Can delete solar event	36	delete_solarschedule
144	Can view solar event	36	view_solarschedule
145	Can add clocked	37	add_clockedschedule
146	Can change clocked	37	change_clockedschedule
147	Can delete clocked	37	delete_clockedschedule
148	Can view clocked	37	view_clockedschedule
149	Can add task result	38	add_taskresult
150	Can change task result	38	change_taskresult
151	Can delete task result	38	delete_taskresult
152	Can view task result	38	view_taskresult
153	Can add chord counter	39	add_chordcounter
154	Can change chord counter	39	change_chordcounter
155	Can delete chord counter	39	delete_chordcounter
156	Can view chord counter	39	view_chordcounter
157	Can add group result	40	add_groupresult
158	Can change group result	40	change_groupresult
159	Can delete group result	40	delete_groupresult
160	Can view group result	40	view_groupresult
\.


--
-- Data for Name: auth_user; Type: TABLE DATA; Schema: public; Owner: admin
--

COPY public.auth_user (id, password, last_login, is_superuser, username, first_name, last_name, email, is_staff, is_active, date_joined) FROM stdin;
1	pbkdf2_sha256$390000$S0psjxaSG5G3PNswWMDfhr$gfuxYd1P55axIRtWyHnDAJgYO8b7xxjCKTWGvOQV9xA=	2025-02-17 22:35:48.751439+00	t	hboukili			h@g.com	t	t	2025-01-22 16:25:46.975397+00
\.


--
-- Data for Name: auth_user_groups; Type: TABLE DATA; Schema: public; Owner: admin
--

COPY public.auth_user_groups (id, user_id, group_id) FROM stdin;
\.


--
-- Data for Name: auth_user_user_permissions; Type: TABLE DATA; Schema: public; Owner: admin
--

COPY public.auth_user_user_permissions (id, user_id, permission_id) FROM stdin;
\.


--
-- Data for Name: django_admin_log; Type: TABLE DATA; Schema: public; Owner: admin
--

COPY public.django_admin_log (id, action_time, object_id, object_repr, action_flag, change_message, content_type_id, user_id) FROM stdin;
1	2025-01-22 16:28:13.959645+00	48	Field object (48)	3		10	1
2	2025-01-22 16:28:21.522312+00	12	Field object (12)	3		10	1
3	2025-01-23 12:45:23.768765+00	13	Field object (13)	3		10	1
4	2025-01-23 13:04:26.81837+00	31	Field object (31)	3		10	1
5	2025-01-23 13:05:35.793358+00	30	Field object (30)	3		10	1
6	2025-01-23 17:38:55.350109+00	30	Drip_Irrigation object (30)	1	[{"added": {}}]	23	1
7	2025-01-23 17:40:10.206278+00	15	Irrigation_system object (15)	3		19	1
8	2025-01-23 17:40:59.719016+00	30	Irrigation_system object (30)	3		19	1
9	2025-01-23 18:02:02.447284+00	31	Drip_Irrigation object (31)	1	[{"added": {}}]	23	1
10	2025-01-23 18:02:25.716546+00	14	Irrigation_system object (14)	3		19	1
11	2025-02-05 21:06:48.603387+00	31	Drip_Irrigation object (31)	3		23	1
12	2025-02-05 21:07:17.31676+00	33	Drip_Irrigation object (33)	1	[{"added": {}}]	23	1
13	2025-02-05 21:09:57.793835+00	34	Drip_Irrigation object (34)	1	[{"added": {}}]	23	1
14	2025-02-05 21:10:13.410991+00	35	Drip_Irrigation object (35)	1	[{"added": {}}]	23	1
15	2025-02-05 21:10:20.865906+00	36	Drip_Irrigation object (36)	1	[{"added": {}}]	23	1
16	2025-02-05 21:10:29.578687+00	37	Drip_Irrigation object (37)	1	[{"added": {}}]	23	1
17	2025-02-05 21:10:36.593137+00	38	Drip_Irrigation object (38)	1	[{"added": {}}]	23	1
18	2025-02-05 21:10:45.837162+00	39	Drip_Irrigation object (39)	1	[{"added": {}}]	23	1
19	2025-02-05 21:10:53.90605+00	40	Drip_Irrigation object (40)	1	[{"added": {}}]	23	1
20	2025-02-05 21:11:01.857104+00	41	Drip_Irrigation object (41)	1	[{"added": {}}]	23	1
21	2025-02-05 21:11:12.392232+00	42	Drip_Irrigation object (42)	1	[{"added": {}}]	23	1
22	2025-02-05 21:11:20.385194+00	43	Drip_Irrigation object (43)	1	[{"added": {}}]	23	1
23	2025-02-05 21:11:29.41475+00	44	Drip_Irrigation object (44)	1	[{"added": {}}]	23	1
24	2025-02-05 21:11:38.191039+00	45	Drip_Irrigation object (45)	1	[{"added": {}}]	23	1
25	2025-02-05 21:11:45.02741+00	46	Drip_Irrigation object (46)	1	[{"added": {}}]	23	1
26	2025-02-05 21:13:18.615704+00	47	Drip_Irrigation object (47)	1	[{"added": {}}]	23	1
27	2025-02-05 21:13:28.267589+00	48	Drip_Irrigation object (48)	1	[{"added": {}}]	23	1
28	2025-02-05 21:13:35.747394+00	49	Drip_Irrigation object (49)	1	[{"added": {}}]	23	1
29	2025-02-05 21:13:43.360177+00	50	Drip_Irrigation object (50)	1	[{"added": {}}]	23	1
30	2025-02-05 21:13:52.08375+00	51	Drip_Irrigation object (51)	1	[{"added": {}}]	23	1
31	2025-02-05 21:13:58.959882+00	52	Drip_Irrigation object (52)	1	[{"added": {}}]	23	1
32	2025-02-05 21:14:05.369457+00	53	Drip_Irrigation object (53)	1	[{"added": {}}]	23	1
33	2025-02-05 21:14:12.77422+00	54	Drip_Irrigation object (54)	1	[{"added": {}}]	23	1
34	2025-02-05 21:14:19.913537+00	55	Drip_Irrigation object (55)	1	[{"added": {}}]	23	1
35	2025-02-05 21:14:25.968754+00	56	Drip_Irrigation object (56)	1	[{"added": {}}]	23	1
36	2025-02-05 21:14:34.158197+00	57	Drip_Irrigation object (57)	1	[{"added": {}}]	23	1
37	2025-02-05 21:14:41.449596+00	58	Drip_Irrigation object (58)	1	[{"added": {}}]	23	1
38	2025-02-05 21:14:48.049224+00	59	Drip_Irrigation object (59)	1	[{"added": {}}]	23	1
39	2025-02-05 21:14:54.176022+00	60	Drip_Irrigation object (60)	1	[{"added": {}}]	23	1
40	2025-02-05 21:15:00.266535+00	61	Drip_Irrigation object (61)	1	[{"added": {}}]	23	1
41	2025-02-05 21:15:06.158821+00	62	Drip_Irrigation object (62)	1	[{"added": {}}]	23	1
42	2025-02-05 21:15:12.684387+00	63	Drip_Irrigation object (63)	1	[{"added": {}}]	23	1
43	2025-02-05 21:15:18.204948+00	64	Drip_Irrigation object (64)	1	[{"added": {}}]	23	1
44	2025-02-05 21:15:25.540336+00	65	Drip_Irrigation object (65)	1	[{"added": {}}]	23	1
45	2025-02-05 21:15:31.818464+00	66	Drip_Irrigation object (66)	1	[{"added": {}}]	23	1
46	2025-02-05 21:15:37.708927+00	67	Drip_Irrigation object (67)	1	[{"added": {}}]	23	1
47	2025-02-05 21:15:43.183807+00	68	Drip_Irrigation object (68)	1	[{"added": {}}]	23	1
48	2025-02-06 01:05:48.959741+00	68	Drip_Irrigation object (68)	3		23	1
49	2025-02-06 01:06:45.153499+00	2	Irrigation_amount object (2)	3		20	1
50	2025-02-06 01:06:45.153537+00	1	Irrigation_amount object (1)	3		20	1
51	2025-02-06 19:25:01.499977+00	33	Field object (33)	3		10	1
52	2025-02-06 19:25:01.500014+00	31	Field object (31)	3		10	1
53	2025-02-06 19:25:01.500024+00	29	Field object (29)	3		10	1
54	2025-02-06 19:25:01.500032+00	28	Field object (28)	3		10	1
55	2025-02-06 19:25:01.500039+00	27	Field object (27)	3		10	1
56	2025-02-06 19:25:01.500046+00	26	Field object (26)	3		10	1
57	2025-02-06 19:25:01.500054+00	25	Field object (25)	3		10	1
58	2025-02-06 19:25:01.500061+00	24	Field object (24)	3		10	1
59	2025-02-06 19:25:01.500068+00	23	Field object (23)	3		10	1
60	2025-02-06 19:25:01.500075+00	22	Field object (22)	3		10	1
61	2025-02-06 19:25:01.500082+00	21	Field object (21)	3		10	1
62	2025-02-06 19:25:01.500088+00	20	Field object (20)	3		10	1
63	2025-02-06 19:25:01.500095+00	19	Field object (19)	3		10	1
64	2025-02-06 19:25:01.500102+00	18	Field object (18)	3		10	1
65	2025-02-06 19:25:01.50011+00	17	Field object (17)	3		10	1
66	2025-02-06 19:25:01.500118+00	16	Field object (16)	3		10	1
67	2025-02-06 19:25:01.500125+00	15	Field object (15)	3		10	1
68	2025-02-13 03:18:01.424083+00	62	Irrigation_amount object (62)	2	[{"changed": {"fields": ["Date"]}}]	20	1
69	2025-02-17 23:31:20.037198+00	53	Irrigation_system object (53)	3		19	1
\.


--
-- Data for Name: django_celery_beat_clockedschedule; Type: TABLE DATA; Schema: public; Owner: admin
--

COPY public.django_celery_beat_clockedschedule (id, clocked_time) FROM stdin;
\.


--
-- Data for Name: django_celery_beat_crontabschedule; Type: TABLE DATA; Schema: public; Owner: admin
--

COPY public.django_celery_beat_crontabschedule (id, minute, hour, day_of_week, day_of_month, month_of_year, timezone) FROM stdin;
\.


--
-- Data for Name: django_celery_beat_intervalschedule; Type: TABLE DATA; Schema: public; Owner: admin
--

COPY public.django_celery_beat_intervalschedule (id, every, period) FROM stdin;
\.


--
-- Data for Name: django_celery_beat_periodictask; Type: TABLE DATA; Schema: public; Owner: admin
--

COPY public.django_celery_beat_periodictask (id, name, task, args, kwargs, queue, exchange, routing_key, expires, enabled, last_run_at, total_run_count, date_changed, description, crontab_id, interval_id, solar_id, one_off, start_time, priority, headers, clocked_id, expire_seconds) FROM stdin;
\.


--
-- Data for Name: django_celery_beat_periodictasks; Type: TABLE DATA; Schema: public; Owner: admin
--

COPY public.django_celery_beat_periodictasks (ident, last_update) FROM stdin;
\.


--
-- Data for Name: django_celery_beat_solarschedule; Type: TABLE DATA; Schema: public; Owner: admin
--

COPY public.django_celery_beat_solarschedule (id, event, latitude, longitude) FROM stdin;
\.


--
-- Data for Name: django_celery_results_chordcounter; Type: TABLE DATA; Schema: public; Owner: admin
--

COPY public.django_celery_results_chordcounter (id, group_id, sub_tasks, count) FROM stdin;
\.


--
-- Data for Name: django_celery_results_groupresult; Type: TABLE DATA; Schema: public; Owner: admin
--

COPY public.django_celery_results_groupresult (id, group_id, date_created, date_done, content_type, content_encoding, result) FROM stdin;
\.


--
-- Data for Name: django_celery_results_taskresult; Type: TABLE DATA; Schema: public; Owner: admin
--

COPY public.django_celery_results_taskresult (id, task_id, status, content_type, content_encoding, result, date_done, traceback, meta, task_args, task_kwargs, task_name, worker, date_created, periodic_task_name) FROM stdin;
\.


--
-- Data for Name: django_content_type; Type: TABLE DATA; Schema: public; Owner: admin
--

COPY public.django_content_type (id, app_label, model) FROM stdin;
1	admin	logentry
2	auth	permission
3	auth	group
4	auth	user
5	contenttypes	contenttype
6	sessions	session
7	models_only	farmer
8	models_only	searcher
9	models_only	policymaker
10	models_only	field
11	models_only	crop
12	models_only	soil
13	models_only	soil_analysis
14	models_only	remote_sensing
15	models_only	station
16	models_only	lidar
17	models_only	drone
18	models_only	ogimet_stations
19	models_only	irrigation_system
20	models_only	irrigation_amount
21	models_only	surface_irrigation
22	models_only	sprinkler_irrigation
23	models_only	drip_irrigation
24	models_only	maitenance_dates
25	models_only	sol_fao_parametre
26	models_only	fao_crop_parametre
27	models_only	fao_output
28	models_only	sentinel2
29	models_only	weather_date
30	models_only	forcast_weather_date
31	models_only	aquacrop_output
32	django_celery_beat	crontabschedule
33	django_celery_beat	intervalschedule
34	django_celery_beat	periodictask
35	django_celery_beat	periodictasks
36	django_celery_beat	solarschedule
37	django_celery_beat	clockedschedule
38	django_celery_results	taskresult
39	django_celery_results	chordcounter
40	django_celery_results	groupresult
\.


--
-- Data for Name: django_migrations; Type: TABLE DATA; Schema: public; Owner: admin
--

COPY public.django_migrations (id, app, name, applied) FROM stdin;
1	contenttypes	0001_initial	2025-01-22 16:24:58.100929+00
2	auth	0001_initial	2025-01-22 16:24:58.146661+00
3	admin	0001_initial	2025-01-22 16:24:58.160997+00
4	admin	0002_logentry_remove_auto_add	2025-01-22 16:24:58.166684+00
5	admin	0003_logentry_add_action_flag_choices	2025-01-22 16:24:58.170896+00
6	contenttypes	0002_remove_content_type_name	2025-01-22 16:24:58.190542+00
7	auth	0002_alter_permission_name_max_length	2025-01-22 16:24:58.195895+00
8	auth	0003_alter_user_email_max_length	2025-01-22 16:24:58.200319+00
9	auth	0004_alter_user_username_opts	2025-01-22 16:24:58.205033+00
10	auth	0005_alter_user_last_login_null	2025-01-22 16:24:58.209414+00
11	auth	0006_require_contenttypes_0002	2025-01-22 16:24:58.210953+00
12	auth	0007_alter_validators_add_error_messages	2025-01-22 16:24:58.215559+00
13	auth	0008_alter_user_username_max_length	2025-01-22 16:24:58.221953+00
14	auth	0009_alter_user_last_name_max_length	2025-01-22 16:24:58.227924+00
15	auth	0010_alter_group_name_max_length	2025-01-22 16:24:58.23321+00
16	auth	0011_update_proxy_permissions	2025-01-22 16:24:58.245407+00
17	auth	0012_alter_user_first_name_max_length	2025-01-22 16:24:58.250872+00
18	django_celery_beat	0001_initial	2025-01-22 16:24:58.283787+00
19	django_celery_beat	0002_auto_20161118_0346	2025-01-22 16:24:58.296037+00
20	django_celery_beat	0003_auto_20161209_0049	2025-01-22 16:24:58.305524+00
21	django_celery_beat	0004_auto_20170221_0000	2025-01-22 16:24:58.311877+00
22	django_celery_beat	0005_add_solarschedule_events_choices	2025-01-22 16:24:58.315807+00
23	django_celery_beat	0006_auto_20180322_0932	2025-01-22 16:24:58.338901+00
24	django_celery_beat	0007_auto_20180521_0826	2025-01-22 16:24:58.348548+00
25	django_celery_beat	0008_auto_20180914_1922	2025-01-22 16:24:58.363704+00
26	django_celery_beat	0006_auto_20180210_1226	2025-01-22 16:24:58.376711+00
27	django_celery_beat	0006_periodictask_priority	2025-01-22 16:24:58.383486+00
28	django_celery_beat	0009_periodictask_headers	2025-01-22 16:24:58.388436+00
29	django_celery_beat	0010_auto_20190429_0326	2025-01-22 16:24:58.472966+00
30	django_celery_beat	0011_auto_20190508_0153	2025-01-22 16:24:58.48846+00
31	django_celery_beat	0012_periodictask_expire_seconds	2025-01-22 16:24:58.493939+00
32	django_celery_beat	0013_auto_20200609_0727	2025-01-22 16:24:58.498982+00
33	django_celery_beat	0014_remove_clockedschedule_enabled	2025-01-22 16:24:58.503854+00
34	django_celery_beat	0015_edit_solarschedule_events_choices	2025-01-22 16:24:58.507657+00
35	django_celery_beat	0016_alter_crontabschedule_timezone	2025-01-22 16:24:58.516737+00
36	django_celery_beat	0017_alter_crontabschedule_month_of_year	2025-01-22 16:24:58.521197+00
37	django_celery_beat	0018_improve_crontab_helptext	2025-01-22 16:24:58.526689+00
38	django_celery_beat	0019_alter_periodictasks_options	2025-01-22 16:24:58.530918+00
39	django_celery_results	0001_initial	2025-01-22 16:24:58.543361+00
40	django_celery_results	0002_add_task_name_args_kwargs	2025-01-22 16:24:58.554708+00
41	django_celery_results	0003_auto_20181106_1101	2025-01-22 16:24:58.561557+00
42	django_celery_results	0004_auto_20190516_0412	2025-01-22 16:24:58.598283+00
43	django_celery_results	0005_taskresult_worker	2025-01-22 16:24:58.605272+00
44	django_celery_results	0006_taskresult_date_created	2025-01-22 16:24:58.626921+00
45	django_celery_results	0007_remove_taskresult_hidden	2025-01-22 16:24:58.630803+00
46	django_celery_results	0008_chordcounter	2025-01-22 16:24:58.640216+00
47	django_celery_results	0009_groupresult	2025-01-22 16:24:58.713426+00
48	django_celery_results	0010_remove_duplicate_indices	2025-01-22 16:24:58.724556+00
49	django_celery_results	0011_taskresult_periodic_task_name	2025-01-22 16:24:58.730729+00
50	sessions	0001_initial	2025-01-22 16:24:58.744626+00
51	models_only	0001_initial	2025-01-22 16:25:02.180582+00
52	models_only	0002_alter_irrigation_amount_amount	2025-02-05 21:12:45.336191+00
53	models_only	0003_alter_crop_field_id_and_more	2025-02-12 00:02:29.174469+00
54	models_only	0004_irrigation_amount_amount_type	2025-02-13 03:02:03.781338+00
\.


--
-- Data for Name: django_session; Type: TABLE DATA; Schema: public; Owner: admin
--

COPY public.django_session (session_key, session_data, expire_date) FROM stdin;
7ah9qwvzj6odahw2ptm98hijmml8ybi8	.eJxVjDEOwjAMRe-SGUVxG4zNyM4ZIjtOaQG1UtNOiLtDpQ6w_vfef7kk69KntZY5DebODtzhd1PJjzJuwO4y3iafp3GZB_Wb4nda_XWy8rzs7t9BL7X_1tR2DIFip8KRuZES0YiZrMHQYaNSTpkwCkFAgKOYhciKqhgMqHXvD86rN1E:1tadY8:GP40C77I5xVjRSISwnsi21GVOH-d8X5rbt4jn-vfLJs	2025-02-05 16:25:52.523253+00
4ecv3n785m0ilpw8jhap7hqx4dr6ay2o	.eJxVjDEOwjAMRe-SGUVxG4zNyM4ZIjtOaQG1UtNOiLtDpQ6w_vfef7kk69KntZY5DebODtzhd1PJjzJuwO4y3iafp3GZB_Wb4nda_XWy8rzs7t9BL7X_1tR2DIFip8KRuZES0YiZrMHQYaNSTpkwCkFAgKOYhciKqhgMqHXvD86rN1E:1tawrY:raRT57HvuP0PRCBdY27qh6yQDs3341cgG4lldL01J4w	2025-02-06 13:03:12.87188+00
xqv8ozx573ozdr82fsg43nklafkvk66a	.eJxVjDsOwyAQBe9CHSGD-aZM7zMgFnaDkwgkY1dR7h5bcpG0M_Pem4W4rSVsHZcwZ3Zlgl1-GcT0xHqI_Ij13nhqdV1m4EfCT9v51DK-bmf7d1BiL_taOe0BvUZKgwYTlUpZS-PHwRFJj6isNxacHClFYRxkSSJZ8ii03An7fAHm4Dgc:1tg7TI:RpE1HyEKIQUvQ6LKpPb2tpCKl_UCxJVx7wUlhMs50uU	2025-02-20 19:23:32.782166+00
4ol0h504aumtl1plgqok403ou83sjf0a	.eJxVjDsOwjAQRO_iGllrx19Kes5g7fqDA8iR4qRC3B0spYBuNO_NvFjAfath73kNc2JnJtjptyOMj9wGSHdst4XHpW3rTHwo_KCdX5eUn5fD_Tuo2Ot3LY0EZ4mssR6maIDQQfQagfwEigQWKbWzPpVJRA2ISpaiISsaEdn7A79WN4A:1tk9iO:oyNIq6HcSlbj1QPtIBcNc53GqHWtOyMk1J4NsrNH5D0	2025-03-03 22:35:48.75282+00
\.


--
-- Data for Name: models_only_aquacrop_output; Type: TABLE DATA; Schema: public; Owner: admin
--

COPY public.models_only_aquacrop_output (id, date, "IrrDay", "Tr", "DeepPerc", "Es", "Th1", "Th2", th3, gdd_cum, canopy_cover, biomass, z_root, "DryYield", "FreshYield", harvest_index, "ET", field_id_id) FROM stdin;
\.


--
-- Data for Name: models_only_crop; Type: TABLE DATA; Schema: public; Owner: admin
--

COPY public.models_only_crop (id, "Crop", "Crop_planting_date", "Tree", "Tree_planting_date", field_id_id) FROM stdin;
\.


--
-- Data for Name: models_only_drip_irrigation; Type: TABLE DATA; Schema: public; Owner: admin
--

COPY public.models_only_drip_irrigation (irrigation_system_ptr_id, "Crop_Tubes_distance", "Crop_Drippers_distance", "Crop_outflow_rate", "Tree_row_distance", "Tree_distance", "Tubes_number_by_tree", drippers_number_by_tree, "Tree_outflow_rate") FROM stdin;
46	\N	\N	\N	\N	\N	\N	\N	\N
52	\N	\N	\N	\N	\N	\N	\N	\N
54	\N	\N	\N	\N	\N	\N	\N	\N
55	\N	\N	\N	\N	\N	\N	\N	\N
56	\N	\N	\N	\N	\N	\N	\N	\N
57	\N	\N	\N	\N	\N	\N	\N	\N
58	\N	\N	\N	\N	\N	\N	\N	\N
59	\N	\N	\N	\N	\N	\N	\N	\N
60	\N	\N	\N	\N	\N	\N	\N	\N
61	\N	\N	\N	\N	\N	\N	\N	\N
62	\N	\N	\N	\N	\N	\N	\N	\N
63	\N	\N	\N	\N	\N	\N	\N	\N
64	\N	\N	\N	\N	\N	\N	\N	\N
65	\N	\N	\N	\N	\N	\N	\N	\N
66	\N	\N	\N	\N	\N	\N	\N	\N
\.


--
-- Data for Name: models_only_drone; Type: TABLE DATA; Schema: public; Owner: admin
--

COPY public.models_only_drone (id, datetime, field_id_id) FROM stdin;
\.


--
-- Data for Name: models_only_fao_crop_parametre; Type: TABLE DATA; Schema: public; Owner: admin
--

COPY public.models_only_fao_crop_parametre (id, crop, "Kcbini", "Kcbmid", "Kcbend", "Lini", "Ldev", "Lmid", "Lend", "Zrini", zrmax, pbase, "Ze") FROM stdin;
1	Broccoli	0.15	0.95	0.85	35	45	40	15	0.05	0.6	0.45	0.1
2	Cabbage	0.15	0.95	0.85	40	60	50	15	0.05	0.8	0.45	0.1
3	Carrots	0.15	0.95	0.85	30	40	60	20	0.05	1	0.35	0.1
4	Cauliflower	0.15	0.95	0.85	35	50	40	15	0.05	0.7	0.45	0.1
5	Celery	0.15	0.95	0.9	25	40	45	14	0.05	0.5	0.2	0.1
6	Lettuce	0.15	0.9	0.9	20	30	15	10	0.05	0.5	0.3	0.1
7	Dry onions	0.15	0.95	0.65	15	25	70	40	0.05	0.6	0.3	0.1
9	Seed onions	0.15	1.05	0.7	20	45	165	45	0.05	0.6	0.35	0.1
10	Spinach	0.15	0.9	0.85	20	20	25	5	0.05	0.5	0.2	0.1
11	Radishes	0.15	0.85	0.75	5	10	15	5	0.05	0.5	0.3	0.1
12	EggPlant	0.15	1	0.8	30	45	40	25	0.05	1.2	0.45	0.1
13	Sweet Peppers	0.15	1	0.8	30	35	40	20	0.05	1	0.3	0.1
14	Tomato	0.15	1.1	0.8	30	40	45	30	0.05	1.5	0.4	0.1
15	Cantaloupe	0.15	0.75	0.5	30	45	35	10	0.05	1.5	0.45	0.1
16	Cucumber	0.15	0.95	0.7	20	30	40	14	0.05	1.2	0.5	0.1
17	Pumpkin	0.15	0.95	0.7	20	30	40	15	0.05	1.5	0.35	0.1
18	Sweet Melons	0.15	1	0.7	25	35	40	20	0.05	1.5	0.4	0.1
19	Watermelon	0.15	0.95	0.7	20	30	30	30	0.05	1.5	40	0.1
20	Beets	0.15	0.95	0.85	15	25	20	10	0.05	1	0.5	0.1
21	Potato	0.15	0.95	0.85	30	35	50	30	0.05	0.6	0.35	0.1
22	Sweet Potato	0.15	1.1	0.55	20	30	60	40	0.05	1.5	0.65	0.1
23	Sugar Beet	0.15	1.15	0.5	25	35	50	50	0.05	1.2	0.55	0.1
8	green Onions	0.15	0.9	0.9	25	30	10	5	0.05	0.6	0.3	0.1
24	Green Beans	0.15	1	0.8	20	30	30	10	0.05	0.7	0.45	0.1
25	Dry Beans	0.15	1	0.8	20	30	40	20	0.05	0.9	0.45	0.1
26	Faba Bean	0.15	1.1	1.05	90	45	40	0	0.05	0.7	0.45	0.1
27	Green Gram	0.15	1	0.55	20	30	30	20	0.05	1	0.45	0.1
28	Cowpeas	0.15	1	0.55	20	30	30	20	0.05	1	0.45	0.1
29	Groundnut	0.15	1.1	0.5	35	45	35	25	0.05	1	0.5	0.1
30	Lentil	0.15	1.05	0.2	20	30	60	40	0.05	0.8	0.5	0.1
31	Peas	0.15	1.1	1.05	20	30	35	15	0.05	1	0.4	0.1
32	Soybeans	0.15	1.1	0.3	20	35	60	25	0.05	1.3	0.5	0.1
33	Artichokes	0.15	0.95	0.9	40	40	250	30	0.05	0.9	0.45	0.1
34	Asparagus	0.15	0.95	0.9	90	30	200	45	0.05	1.8	0.45	0.1
35	Cotton	0.15	1.15	0.4	30	50	60	55	0.05	1.7	0.65	0.1
36	Flax	0.15	1.05	0.2	30	50	60	55	0.05	1.7	0.65	0.1
37	Sunflower	0.15	0.95	0.25	25	35	45	25	0.05	1.5	0.45	0.1
38	Barley	0.15	1.1	0.15	15	30	65	40	0.05	1.5	0.55	0.1
39	Oats	0.15	1.1	0.15	15	30	65	40	0.05	1.5	0.55	0.1
40	Spring Wheat	0.15	1.1	0.15	15	30	65	40	0.05	1.5	0.55	0.1
41	Winter Wheat	0.15	1.1	0.15	30	140	40	30	0.05	1.8	0.55	0.1
42	Field Corn	0.15	1.15	0.5	30	50	60	40	0.05	1.7	0.55	0.1
43	Sweet Corn	0.15	1.1	1	20	25	25	10	0.05	1.2	0.5	0.1
44	Millet	0.15	0.95	0.2	20	30	55	35	0.05	2	0.55	0.1
45	Rice	1	1.15	0.45	30	30	60	30	0.05	1	0.2	0.1
46	Alfalfa Hay	0.3	0.45	0.45	5	20	10	10	0.05	2	0.6	0.1
47	Bermuda Hay	0.5	0.95	0.8	10	15	75	35	0.05	1	0.6	0.1
48	Banana first year	0.15	1.05	0.9	120	90	120	60	0.05	0.9	0.35	0.1
49	Banana second year	0.6	1.1	1.05	120	60	180	5	0.05	0.9	0.35	0.1
50	Pineapple	0.15	0.25	0.25	60	120	600	10	0.05	0.6	0.5	0.1
51	Berries	0.2	1	0.4	20	40	120	60	0.05	1.2	0.5	0.1
52	Grapes	0.15	0.8	0.4	20	40	120	60	0.05	2	0.35	0.1
53	olivies	0.55	0.65	0.65	30	90	60	90	0.05	1.7	0.65	0.1
54	Pistachios	0.2	1.05	0.4	20	60	30	40	0.05	1.5	0.4	0.1
\.


--
-- Data for Name: models_only_fao_output; Type: TABLE DATA; Schema: public; Owner: admin
--

COPY public.models_only_fao_output (id, date, field_id) FROM stdin;
\.


--
-- Data for Name: models_only_farmer; Type: TABLE DATA; Schema: public; Owner: admin
--

COPY public.models_only_farmer (id, first_name, last_name, email, password) FROM stdin;
1	admin	firma	h@g.com	pbkdf2_sha256$390000$Jx81CYWF3ZNdOlQQVST0M4$nqkFbBc0Y6Fs5/kyYhodVnrdv9GRKo5v4x5Hmct5LgI=
2	string	string	user@example.com	pbkdf2_sha256$390000$TeD68MMdlKXaKHBwjp8RBh$josUWE29yQK0gcIsYp57YISp63vyhTIA7CXSyUq6oyE=
3	string	string	user1@example.com	pbkdf2_sha256$390000$ya9FEHdAHzm7OEz7bmg2Pt$LVmQfDbfOsh9YhJE4a2F9SFRtQbGUjtyY8J5qRSvxNU=
4	a	b	farmer@g.com	pbkdf2_sha256$390000$7TxCfagkbkRRkMUFC9VIGi$TztqejAzwom1PQ671Y1w+GNlNmuLRMrDZ6KiksWragE=
5	hamza	boukili	f@g.com	pbkdf2_sha256$390000$yfyJf3sMZemSI0OuCv3vDl$68WhKjer/WoerMh2IDU2Z4WW2lrljTsCbq2oOgDJw/M=
6	tst	tst	t@g.com	pbkdf2_sha256$390000$YtU6XnZZv3s6FupwRXIztd$ojuWs3RdQG/XDv2Yqz8BqYEBPK1VPmr9MJXiFcxeRa0=
\.


--
-- Data for Name: models_only_field; Type: TABLE DATA; Schema: public; Owner: admin
--

COPY public.models_only_field (id, name, boundaries, user_id_id) FROM stdin;
32	E3P2	0103000020E610000001000000060000001EFF058200B91EC0DFE00B93A9AA3F4052D4997B48B81EC019ABCDFFABAA3F40EC6CC83F33B81EC0F1457BBC90AA3F409015FC36C4B81EC0151C5E1091AA3F40DFA5D425E3B81EC04E9B711AA2AA3F401EFF058200B91EC0DFE00B93A9AA3F40	1
34	E3P1	0103000020E61000000100000007000000B344679945B81EC09C89E942ACAA3F403753211E89B71EC0F6D4EAABABAA3F40AE9AE7887CB71EC02D95B7239CAA3F402BA4FCA4DAB71EC0F3CAF5B699AA3F404D4C1762F5B71EC01F2E39EE94AA3F401955867137B81EC0D2C43BC093AA3F40B344679945B81EC09C89E942ACAA3F40	1
35	E3P4	0103000020E61000000100000005000000419DF2E846B81EC0F6D4EAABABAA3F40014EEFE2FDB81EC0382C0DFCA8AA3F40560F98874CB91EC073309B00C3AA3F40A704C4245CB81EC03DBB7CEBC3AA3F40419DF2E846B81EC0F6D4EAABABAA3F40	1
36	E3P3	0103000020E61000000100000005000000488AC8B08AB71EC0F6D4EAABABAA3F40E02C25CB49B81EC0C05FCC96ACAA3F40A704C4245CB81EC096067E54C3AA3F40FE2AC0779BB71EC077853E58C6AA3F40488AC8B08AB71EC0F6D4EAABABAA3F40	1
37	E3P6	0103000020E61000000100000005000000C8B60C384BB91EC0BADC60A8C3AA3F407DE882FA96B91EC013622EA9DAAA3F40B2BD16F4DEB81EC0D00A0C59DDAA3F404B5645B8C9B81EC060915F3FC4AA3F40C8B60C384BB91EC0BADC60A8C3AA3F40	1
38	E3P8	0103000020E610000001000000070000004016A243E0B81EC02A560DC2DCAA3F40D46531B1F9B81EC00A0F9A5DF7AA3F4083F755B950B91EC017F19D98F5AA3F405B971AA19FB91EC0BEA59C2FF6AA3F404451A04FE4B91EC0B493C151F2AA3F408E1F2A8D98B91EC013622EA9DAAA3F404016A243E0B81EC02A560DC2DCAA3F40	1
39	E3P7	0103000020E61000000100000008000000D46531B1F9B81EC088307E1AF7AA3F40B2BD16F4DEB81EC07B4E7ADFF8AA3F40F7949C137BB81EC07B4E7ADFF8AA3F40C9ACDEE176B81EC06FB72407ECAA3F40FDA36FD234B81EC0166C239EECAA3F40302C7FBE2DB81EC0F4E0EEACDDAA3F40CE6E2D93E1B81EC04D2CF015DDAA3F40D46531B1F9B81EC088307E1AF7AA3F40	1
40	E3P5	0103000020E61000000100000005000000BE840A0E2FB81EC0BE6BD097DEAA3F40DBFB54151AB81EC006465ED6C4AA3F40EBE5779ACCB81EC060915F3FC4AA3F404016A243E0B81EC02A560DC2DCAA3F40BE840A0E2FB81EC0BE6BD097DEAA3F40	1
41	E2P6	0103000020E61000000100000007000000EC6CC83F33B81EC0166C239EECAA3F408BFCFA2136B81EC0F86F5E9CF8AA3F40D50451F701B81EC0F86F5E9CF8AA3F407BA35698BEB71EC038F7578FFBAA3F4086E3F90CA8B71EC00BD5CDC5DFAA3F40BE840A0E2FB81EC09A95ED43DEAA3F40EC6CC83F33B81EC0166C239EECAA3F40	1
42	E2P5	0103000020E6100000010000000500000009FCE1E7BFB71EC00F643DB5FAAA3F40DCF126BF45B71EC0E200FA7DFFAA3F401BBAD91F28B71EC0A4A7C821E2AA3F4026732CEFAAB71EC00BD5CDC5DFAA3F4009FCE1E7BFB71EC00F643DB5FAAA3F40	1
43	E2P7	0103000020E6100000010000000500000086E3F90CA8B71EC0E7FEEA71DFAA3F402B137EA99FB71EC01D3A3DEFC6AA3F40DBFB54151AB81EC006465ED6C4AA3F40CFBBB1A030B81EC077BF0AF0DDAA3F4086E3F90CA8B71EC0E7FEEA71DFAA3F40	1
44	E2P4	0103000020E6100000010000000500000026732CEFAAB71EC0E7FEEA71DFAA3F40A912656F29B71EC0FEF2C98AE1AA3F405A828C800AB71EC077853E58C6AA3F40BA6B09F9A0B71EC0A0185932C7AA3F4026732CEFAAB71EC0E7FEEA71DFAA3F40	1
45	E2P3	0103000020E610000001000000050000009DBAF2599EB71EC077853E58C6AA3F40D6E253008CB71EC073F6CE68ABAA3F40EE409DF2E8B61EC073F6CE68ABAA3F405A828C800AB71EC077853E58C6AA3F409DBAF2599EB71EC077853E58C6AA3F40	1
46	E2P2	0103000020E61000000100000005000000D6E253008CB71EC073F6CE68ABAA3F4020425C397BB71EC0DCD6169E97AA3F4088D9CBB6D3B61EC0A661F88898AA3F407C992842EAB61EC04F20EC14ABAA3F40D6E253008CB71EC073F6CE68ABAA3F40	1
47	E2P1	0103000020E6100000010000000600000020425C397BB71EC059F8FA5A97AA3F404293C49272B71EC04A0C022B87AA3F402C9ACE4E06B71EC0994528B682AA3F4093196F2BBDB61EC04DDC2A8881AA3F4088D9CBB6D3B61EC02383DC4598AA3F4020425C397BB71EC059F8FA5A97AA3F40	1
\.


--
-- Data for Name: models_only_forcast_weather_date; Type: TABLE DATA; Schema: public; Owner: admin
--

COPY public.models_only_forcast_weather_date (id, "Date", "T2m", "Ws", "Et0", "Rain", "Rh", "D2m", "Field_id_id") FROM stdin;
\.


--
-- Data for Name: models_only_irrigation_amount; Type: TABLE DATA; Schema: public; Owner: admin
--

COPY public.models_only_irrigation_amount (id, amount, date, irrigation_system_id_id, amount_type) FROM stdin;
2450	0	2024-12-17	64	m³
2460	0	2024-12-27	64	m³
2470	0.416413547	2025-01-06	64	m³
2480	0	2025-01-16	64	m³
2490	0	2025-01-26	64	m³
2500	0	2025-02-05	64	m³
2510	0	2025-02-15	64	m³
2520	0	2024-12-25	65	m³
2530	0	2025-01-04	65	m³
1113	0	2024-12-16	65	m³
2540	0	2025-01-14	65	m³
2550	0	2025-01-24	65	m³
2560	0	2025-02-03	65	m³
2570	0	2025-02-13	65	m³
2580	14.66826516	2024-12-23	60	m³
2590	0	2025-01-02	60	m³
2600	0	2025-01-12	60	m³
2610	0	2025-01-22	60	m³
2620	0	2025-02-01	60	m³
2630	7.366728726	2025-02-11	60	m³
2640	0	2024-12-21	46	m³
2650	0	2024-12-31	46	m³
2660	0	2025-01-10	46	m³
2670	0	2025-01-20	46	m³
2680	0	2025-01-30	46	m³
2690	0	2025-02-09	46	m³
2700	0	2024-12-19	66	m³
2710	0	2024-12-29	66	m³
2720	0	2025-01-08	66	m³
2730	5.015526832	2025-01-18	66	m³
2740	9.103749711	2025-01-28	66	m³
2750	0	2025-02-07	66	m³
2760	0	2024-12-17	63	m³
2770	0	2024-12-27	63	m³
2780	0	2025-01-06	63	m³
2790	0	2025-01-16	63	m³
2800	14.26548966	2025-01-26	63	m³
2810	0	2025-02-05	63	m³
2820	0	2025-02-15	63	m³
2830	22.25614736	2024-12-25	61	m³
2840	10.38029471	2025-01-04	61	m³
2850	0	2025-01-14	61	m³
2860	0	2025-01-24	61	m³
2870	0	2025-02-03	61	m³
2880	0	2025-02-13	61	m³
2890	0	2024-12-23	62	m³
2900	0	2025-01-02	62	m³
2910	0	2025-01-12	62	m³
2920	0	2025-01-22	62	m³
2930	0	2025-02-01	62	m³
2940	0	2025-02-11	62	m³
2950	0	2024-12-21	56	m³
2960	0	2024-12-31	56	m³
2970	0	2025-01-10	56	m³
2980	0	2025-01-20	56	m³
2990	0	2025-01-30	56	m³
3000	4.756886228	2025-02-09	56	m³
3010	0	2024-12-19	58	m³
3020	0.03697281	2024-12-29	58	m³
3030	0	2025-01-08	58	m³
3040	0	2025-01-18	58	m³
3050	0	2025-01-28	58	m³
1269	0	2024-12-16	63	m³
3060	0	2025-02-07	58	m³
3070	0	2024-12-17	57	m³
3080	14.21862887	2024-12-27	57	m³
3090	0.774577155	2025-01-06	57	m³
3100	3.978409483	2025-01-16	57	m³
3110	7.862206743	2025-01-26	57	m³
3120	0	2025-02-05	57	m³
3130	0	2025-02-15	57	m³
3140	6.927204775	2024-12-25	59	m³
3150	0	2025-01-04	59	m³
3160	0	2025-01-14	59	m³
3170	0	2025-01-24	59	m³
3180	0	2025-02-03	59	m³
3190	6.368923049	2025-02-13	59	m³
3200	0	2024-12-23	52	m³
3210	0	2025-01-02	52	m³
3220	0	2025-01-12	52	m³
3230	0	2025-01-22	52	m³
3240	0	2025-02-01	52	m³
3250	0	2025-02-11	52	m³
3260	0	2024-12-21	54	m³
3270	0	2024-12-31	54	m³
3280	0	2025-01-10	54	m³
3290	0	2025-01-20	54	m³
3300	0	2025-01-30	54	m³
3310	10.38	2025-02-09	54	m³
3320	0	2024-12-19	55	m³
3330	0	2024-12-29	55	m³
3340	0	2025-01-08	55	m³
3350	0	2025-01-18	55	m³
3360	0	2025-01-28	55	m³
3370	0	2025-02-07	55	m³
1074	0	2024-12-16	64	m³
2451	0	2024-12-18	64	m³
2461	0	2024-12-28	64	m³
2471	0	2025-01-07	64	m³
2481	0	2025-01-17	64	m³
2491	0	2025-01-27	64	m³
2501	0	2025-02-06	64	m³
2511	0	2025-02-16	64	m³
2521	0	2024-12-26	65	m³
2531	5.703798882	2025-01-05	65	m³
2541	0	2025-01-15	65	m³
2551	0	2025-01-25	65	m³
2561	0	2025-02-04	65	m³
2571	0	2025-02-14	65	m³
2581	19.73268744	2024-12-24	60	m³
2591	0	2025-01-03	60	m³
2601	0	2025-01-13	60	m³
2611	0	2025-01-23	60	m³
2621	0	2025-02-02	60	m³
2631	0	2025-02-12	60	m³
2641	0	2024-12-22	46	m³
2651	0	2025-01-01	46	m³
2661	0	2025-01-11	46	m³
2671	0	2025-01-21	46	m³
2681	0	2025-01-31	46	m³
2691	5.411187375	2025-02-10	46	m³
2701	0	2024-12-20	66	m³
2711	0	2024-12-30	66	m³
2721	0	2025-01-09	66	m³
2731	0	2025-01-19	66	m³
2741	0	2025-01-29	66	m³
2751	0	2025-02-08	66	m³
2761	0	2024-12-18	63	m³
2771	1.507221185	2024-12-28	63	m³
2781	0	2025-01-07	63	m³
2791	10.51035573	2025-01-17	63	m³
2801	0	2025-01-27	63	m³
2811	0	2025-02-06	63	m³
2821	0	2025-02-16	63	m³
1230	0	2024-12-16	66	m³
2831	0	2024-12-26	61	m³
2841	0	2025-01-05	61	m³
2851	0	2025-01-15	61	m³
2861	0	2025-01-25	61	m³
2871	0	2025-02-04	61	m³
2881	0	2025-02-14	61	m³
2891	0	2024-12-24	62	m³
2901	0	2025-01-03	62	m³
2911	0	2025-01-13	62	m³
2921	0	2025-01-23	62	m³
2931	0	2025-02-02	62	m³
2941	11.25120536	2025-02-12	62	m³
2951	0	2024-12-22	56	m³
2961	0	2025-01-01	56	m³
2971	0	2025-01-11	56	m³
2981	0	2025-01-21	56	m³
2991	0	2025-01-31	56	m³
3001	0	2025-02-10	56	m³
3011	0	2024-12-20	58	m³
3021	0	2024-12-30	58	m³
3031	0	2025-01-09	58	m³
3041	0	2025-01-19	58	m³
3051	0	2025-01-29	58	m³
3061	0	2025-02-08	58	m³
3071	0	2024-12-18	57	m³
3081	0	2024-12-28	57	m³
3091	0	2025-01-07	57	m³
3101	0	2025-01-17	57	m³
3111	0	2025-01-27	57	m³
3121	0	2025-02-06	57	m³
3131	0	2025-02-16	57	m³
3141	8.535507283	2024-12-26	59	m³
3151	2.604750802	2025-01-05	59	m³
3161	0	2025-01-15	59	m³
3171	0	2025-01-25	59	m³
3181	0	2025-02-04	59	m³
3191	0	2025-02-14	59	m³
3201	0	2024-12-24	52	m³
1386	0	2024-12-16	56	m³
3211	0	2025-01-03	52	m³
3221	0	2025-01-13	52	m³
3231	0	2025-01-23	52	m³
3241	0	2025-02-02	52	m³
3251	24.04743601	2025-02-12	52	m³
3261	0	2024-12-22	54	m³
3271	0	2025-01-01	54	m³
3281	0	2025-01-11	54	m³
3291	0	2025-01-21	54	m³
3301	0	2025-01-31	54	m³
3311	0	2025-02-10	54	m³
3321	0	2024-12-20	55	m³
3331	0	2024-12-30	55	m³
3341	0	2025-01-09	55	m³
3351	0	2025-01-19	55	m³
3361	0	2025-01-29	55	m³
3371	0	2025-02-08	55	m³
2452	0	2024-12-19	64	m³
2462	0	2024-12-29	64	m³
2472	0	2025-01-08	64	m³
2482	12.84728805	2025-01-18	64	m³
2492	9.619009834	2025-01-28	64	m³
2502	0	2025-02-07	64	m³
2512	0	2024-12-17	65	m³
2522	14.4445449	2024-12-27	65	m³
2532	0	2025-01-06	65	m³
2542	0	2025-01-16	65	m³
2552	0	2025-01-26	65	m³
2562	0	2025-02-05	65	m³
2572	0	2025-02-15	65	m³
2582	0.081422453	2024-12-25	60	m³
2592	0	2025-01-04	60	m³
2602	0	2025-01-14	60	m³
2612	0	2025-01-24	60	m³
2622	0	2025-02-03	60	m³
2632	0	2025-02-13	60	m³
2642	17.68372754	2024-12-23	46	m³
2652	0	2025-01-02	46	m³
2662	0	2025-01-12	46	m³
2672	0	2025-01-22	46	m³
2682	0	2025-02-01	46	m³
2692	9.41030684	2025-02-11	46	m³
2702	0	2024-12-21	66	m³
2712	0	2024-12-31	66	m³
2722	0	2025-01-10	66	m³
2732	0	2025-01-20	66	m³
1191	0	2024-12-16	46	m³
2742	0	2025-01-30	66	m³
2752	0	2025-02-09	66	m³
2762	0	2024-12-19	63	m³
2772	0	2024-12-29	63	m³
2782	0	2025-01-08	63	m³
2792	1.620621636	2025-01-18	63	m³
2802	0	2025-01-28	63	m³
2812	0	2025-02-07	63	m³
2822	0	2024-12-17	61	m³
2832	0	2024-12-27	61	m³
2842	0	2025-01-06	61	m³
2852	0	2025-01-16	61	m³
2862	8.136518831	2025-01-26	61	m³
2872	0	2025-02-05	61	m³
2882	0	2025-02-15	61	m³
2892	32.6012182	2024-12-25	62	m³
2902	13.357467	2025-01-04	62	m³
2912	0	2025-01-14	62	m³
2922	0	2025-01-24	62	m³
2932	0	2025-02-03	62	m³
2942	0	2025-02-13	62	m³
2952	0	2024-12-23	56	m³
2962	0	2025-01-02	56	m³
2972	0	2025-01-12	56	m³
2982	0	2025-01-22	56	m³
2992	0	2025-02-01	56	m³
3002	0	2025-02-11	56	m³
3012	0	2024-12-21	58	m³
3022	0	2024-12-31	58	m³
3032	0	2025-01-10	58	m³
3042	0	2025-01-20	58	m³
3052	0	2025-01-30	58	m³
3062	4.503904485	2025-02-09	58	m³
3072	0	2024-12-19	57	m³
3082	0	2024-12-29	57	m³
3092	0	2025-01-08	57	m³
3102	0	2025-01-18	57	m³
3112	0	2025-01-28	57	m³
1347	0	2024-12-16	62	m³
3122	0	2025-02-07	57	m³
3132	0	2024-12-17	59	m³
3142	14.5130692	2024-12-27	59	m³
3152	0.790617152	2025-01-06	59	m³
3162	4.060794658	2025-01-16	59	m³
3172	8.025017857	2025-01-26	59	m³
3182	0	2025-02-05	59	m³
3192	0	2025-02-15	59	m³
3202	0	2024-12-25	52	m³
3212	19.67517491	2025-01-04	52	m³
3222	0	2025-01-14	52	m³
3232	0	2025-01-24	52	m³
3242	0	2025-02-03	52	m³
3252	0	2025-02-13	52	m³
3262	0	2024-12-23	54	m³
3272	0	2025-01-02	54	m³
3282	0	2025-01-12	54	m³
3292	0	2025-01-22	54	m³
3302	0	2025-02-01	54	m³
3312	0	2025-02-11	54	m³
3322	0	2024-12-21	55	m³
3332	0	2024-12-31	55	m³
3342	0	2025-01-10	55	m³
3352	0	2025-01-20	55	m³
3362	0	2025-01-30	55	m³
3372	13.09	2025-02-09	55	m³
2453	0	2024-12-20	64	m³
2463	0	2024-12-30	64	m³
2473	0	2025-01-09	64	m³
2483	0	2025-01-19	64	m³
2493	0	2025-01-29	64	m³
2503	0	2025-02-08	64	m³
2513	0	2024-12-18	65	m³
2523	0	2024-12-28	65	m³
2533	0	2025-01-07	65	m³
2543	0	2025-01-17	65	m³
2553	0	2025-01-27	65	m³
2563	0	2025-02-06	65	m³
2573	0	2025-02-16	65	m³
2583	0	2024-12-26	60	m³
2593	12.03381758	2025-01-05	60	m³
2603	0	2025-01-15	60	m³
2613	0	2025-01-25	60	m³
2623	0	2025-02-04	60	m³
2633	0	2025-02-14	60	m³
2643	0	2024-12-24	46	m³
2653	0	2025-01-03	46	m³
2663	0	2025-01-13	46	m³
2673	0	2025-01-23	46	m³
2683	0	2025-02-02	46	m³
1152	0	2024-12-16	60	m³
2693	0	2025-02-12	46	m³
2703	4.131177013	2024-12-22	66	m³
2713	0	2025-01-01	66	m³
2723	0	2025-01-11	66	m³
2733	0	2025-01-21	66	m³
2743	0	2025-01-31	66	m³
2753	4.549348142	2025-02-10	66	m³
2763	0	2024-12-20	63	m³
2773	0	2024-12-30	63	m³
2783	0	2025-01-09	63	m³
2793	0	2025-01-19	63	m³
2803	0	2025-01-29	63	m³
2813	0	2025-02-08	63	m³
2823	0	2024-12-18	61	m³
2833	1.668039035	2024-12-28	61	m³
2843	0.070233223	2025-01-07	61	m³
2853	5.324848821	2025-01-17	61	m³
2863	0	2025-01-27	61	m³
2873	0	2025-02-06	61	m³
2883	0	2025-02-16	61	m³
2893	0	2024-12-26	62	m³
2903	0	2025-01-05	62	m³
2913	0	2025-01-15	62	m³
2923	0	2025-01-25	62	m³
2933	0	2025-02-04	62	m³
2943	0	2025-02-14	62	m³
2953	0	2024-12-24	56	m³
2963	0	2025-01-03	56	m³
2973	0	2025-01-13	56	m³
2983	0	2025-01-23	56	m³
2993	0	2025-02-02	56	m³
3003	17.81375468	2025-02-12	56	m³
3013	0	2024-12-22	58	m³
3023	0	2025-01-01	58	m³
3033	0	2025-01-11	58	m³
3043	0	2025-01-21	58	m³
3053	0	2025-01-31	58	m³
3063	0	2025-02-10	58	m³
1308	0	2024-12-16	61	m³
3073	0	2024-12-20	57	m³
3083	0	2024-12-30	57	m³
3093	0	2025-01-09	57	m³
3103	0	2025-01-19	57	m³
3113	0	2025-01-29	57	m³
3123	0	2025-02-08	57	m³
3133	0	2024-12-18	59	m³
3143	0	2024-12-28	59	m³
3153	0	2025-01-07	59	m³
3163	0	2025-01-17	59	m³
3173	0	2025-01-27	59	m³
3183	0	2025-02-06	59	m³
3193	0	2025-02-16	59	m³
3203	0	2024-12-26	52	m³
3213	0	2025-01-05	52	m³
3223	0	2025-01-15	52	m³
3233	26.23356655	2025-01-25	52	m³
3243	0	2025-02-04	52	m³
3253	0	2025-02-14	52	m³
3263	0	2024-12-24	54	m³
3273	0	2025-01-03	54	m³
3283	0	2025-01-13	54	m³
3293	0	2025-01-23	54	m³
3303	0	2025-02-02	54	m³
3313	43.25	2025-02-12	54	m³
3323	0	2024-12-22	55	m³
3333	0	2025-01-01	55	m³
3343	0	2025-01-11	55	m³
3353	0	2025-01-21	55	m³
3363	0	2025-01-31	55	m³
3373	0	2025-02-10	55	m³
2454	0	2024-12-21	64	m³
2464	0	2024-12-31	64	m³
2474	0	2025-01-10	64	m³
2484	0	2025-01-20	64	m³
2494	0	2025-01-30	64	m³
2504	0	2025-02-09	64	m³
2514	0	2024-12-19	65	m³
2524	0	2024-12-29	65	m³
2534	0	2025-01-08	65	m³
2544	6.364654144	2025-01-18	65	m³
2554	13.42948875	2025-01-28	65	m³
2564	0	2025-02-07	65	m³
2574	0	2024-12-17	60	m³
2584	0	2024-12-27	60	m³
2594	0	2025-01-06	60	m³
2604	0	2025-01-16	60	m³
2614	0	2025-01-26	60	m³
2624	0	2025-02-05	60	m³
2634	0	2025-02-15	60	m³
2644	0	2024-12-25	46	m³
2654	1.494152744	2025-01-04	46	m³
2664	0	2025-01-14	46	m³
2674	0	2025-01-24	46	m³
2684	0	2025-02-03	46	m³
2694	0	2025-02-13	46	m³
2704	22.29951237	2024-12-23	66	m³
2714	0	2025-01-02	66	m³
2724	0	2025-01-12	66	m³
2734	0	2025-01-22	66	m³
2744	0	2025-02-01	66	m³
2754	8.152441978	2025-02-11	66	m³
2764	0	2024-12-21	63	m³
2774	0	2024-12-31	63	m³
2784	0	2025-01-10	63	m³
2794	0	2025-01-20	63	m³
2804	0.086126925	2025-01-30	63	m³
2814	0	2025-02-09	63	m³
2824	0	2024-12-19	61	m³
2834	0.456515946	2024-12-29	61	m³
2844	0	2025-01-08	61	m³
2854	0	2025-01-18	61	m³
2864	0	2025-01-28	61	m³
2874	0	2025-02-07	61	m³
2884	0	2024-12-17	62	m³
2894	0	2024-12-27	62	m³
2904	0	2025-01-06	62	m³
2914	0	2025-01-16	62	m³
2924	10.21775923	2025-01-26	62	m³
2934	0	2025-02-05	62	m³
2944	0	2025-02-15	62	m³
2954	0.039049552	2024-12-25	56	m³
2964	0	2025-01-04	56	m³
2974	0	2025-01-14	56	m³
2984	0	2025-01-24	56	m³
2994	0	2025-02-03	56	m³
3004	0	2025-02-13	56	m³
3014	0	2024-12-23	58	m³
3024	0	2025-01-02	58	m³
3034	0	2025-01-12	58	m³
3044	0	2025-01-22	58	m³
3054	0	2025-02-01	58	m³
3064	0	2025-02-11	58	m³
3074	0	2024-12-21	57	m³
3084	0	2024-12-31	57	m³
3094	0	2025-01-10	57	m³
3104	0	2025-01-20	57	m³
3114	0	2025-01-30	57	m³
3124	3.954100357	2025-02-09	57	m³
3134	0	2024-12-19	59	m³
3144	0	2024-12-29	59	m³
3154	0	2025-01-08	59	m³
3164	0	2025-01-18	59	m³
3174	0	2025-01-28	59	m³
3184	0	2025-02-07	59	m³
3194	0	2024-12-17	52	m³
3204	0	2024-12-27	52	m³
3214	0	2025-01-06	52	m³
3224	13.11678328	2025-01-16	52	m³
3234	0	2025-01-26	52	m³
3244	0	2025-02-05	52	m³
3254	0	2025-02-15	52	m³
3264	0	2024-12-25	54	m³
3274	15.57	2025-01-04	54	m³
3284	0	2025-01-14	54	m³
3294	0	2025-01-24	54	m³
3304	0	2025-02-03	54	m³
3314	0	2025-02-13	54	m³
3324	0	2024-12-23	55	m³
3334	0	2025-01-02	55	m³
3344	0	2025-01-12	55	m³
3354	0	2025-01-22	55	m³
3364	0	2025-02-01	55	m³
3374	0	2025-02-11	55	m³
2455	10.11985087	2024-12-22	64	m³
2465	0	2025-01-01	64	m³
2475	0	2025-01-11	64	m³
2485	0	2025-01-21	64	m³
2495	0	2025-01-31	64	m³
2505	5.16295559	2025-02-10	64	m³
2515	0	2024-12-20	65	m³
2525	0	2024-12-30	65	m³
2535	0	2025-01-09	65	m³
2545	0	2025-01-19	65	m³
2555	0	2025-01-29	65	m³
2565	0	2025-02-08	65	m³
2575	0	2024-12-18	60	m³
2585	1.211490048	2024-12-28	60	m³
2595	0.081490362	2025-01-07	60	m³
2605	20.02625647	2025-01-17	60	m³
2615	0	2025-01-27	60	m³
2625	0	2025-02-06	60	m³
2635	0	2025-02-16	60	m³
2645	0	2024-12-26	46	m³
2655	6.17857993	2025-01-05	46	m³
2665	0	2025-01-15	46	m³
2675	0	2025-01-25	46	m³
2685	0	2025-02-04	46	m³
2695	0	2025-02-14	46	m³
2705	0	2024-12-24	66	m³
2715	0	2025-01-03	66	m³
2725	0.075801413	2025-01-13	66	m³
2735	0	2025-01-23	66	m³
2745	0	2025-02-02	66	m³
2755	0	2025-02-12	66	m³
2765	0	2024-12-22	63	m³
2775	0	2025-01-01	63	m³
2785	0	2025-01-11	63	m³
2795	0	2025-01-21	63	m³
2805	0	2025-01-31	63	m³
2815	5.30828947	2025-02-10	63	m³
2825	0	2024-12-20	61	m³
2835	0.888450265	2024-12-30	61	m³
2845	13.84296816	2025-01-09	61	m³
2855	0	2025-01-19	61	m³
2865	0	2025-01-29	61	m³
2875	0	2025-02-08	61	m³
2885	0	2024-12-18	62	m³
2895	1.476351615	2024-12-28	62	m³
2905	0	2025-01-07	62	m³
2915	12.23122163	2025-01-17	62	m³
2925	0	2025-01-27	62	m³
2935	0	2025-02-06	62	m³
2945	0	2025-02-16	62	m³
2955	11.23650851	2024-12-26	56	m³
2965	4.979468673	2025-01-05	56	m³
2975	0	2025-01-15	56	m³
2985	11.21685357	2025-01-25	56	m³
2995	0	2025-02-04	56	m³
3005	0	2025-02-14	56	m³
3015	0	2024-12-24	58	m³
3025	0	2025-01-03	58	m³
3035	0	2025-01-13	58	m³
3045	0	2025-01-23	58	m³
3055	0	2025-02-02	58	m³
3065	16.86637976	2025-02-12	58	m³
3075	0	2024-12-22	57	m³
3085	0	2025-01-01	57	m³
3095	0	2025-01-11	57	m³
3105	0	2025-01-21	57	m³
3115	0	2025-01-31	57	m³
3125	0	2025-02-10	57	m³
3135	0	2024-12-20	59	m³
3145	0	2024-12-30	59	m³
3155	0	2025-01-09	59	m³
3165	0	2025-01-19	59	m³
3175	0	2025-01-29	59	m³
3185	0	2025-02-08	59	m³
3195	0	2024-12-18	52	m³
3205	19.67517491	2024-12-28	52	m³
3215	0	2025-01-07	52	m³
3225	0	2025-01-17	52	m³
3235	0	2025-01-27	52	m³
3245	0	2025-02-06	52	m³
3255	0	2025-02-16	52	m³
3265	0	2024-12-26	54	m³
3275	0	2025-01-05	54	m³
3285	0	2025-01-15	54	m³
3295	20.76	2025-01-25	54	m³
3305	0	2025-02-04	54	m³
3315	0	2025-02-14	54	m³
3325	0	2024-12-24	55	m³
3335	0	2025-01-03	55	m³
3345	0	2025-01-13	55	m³
3355	0	2025-01-23	55	m³
3365	0	2025-02-02	55	m³
3375	36.652	2025-02-12	55	m³
2456	25.94499662	2024-12-23	64	m³
2466	0	2025-01-02	64	m³
2476	0	2025-01-12	64	m³
2486	0	2025-01-22	64	m³
2496	0	2025-02-01	64	m³
2506	5.23164236	2025-02-11	64	m³
2516	0	2024-12-21	65	m³
2526	0	2024-12-31	65	m³
2536	0	2025-01-10	65	m³
2546	0	2025-01-20	65	m³
2556	0	2025-01-30	65	m³
2566	0	2025-02-09	65	m³
2576	0	2024-12-19	60	m³
2586	0	2024-12-29	60	m³
2596	0	2025-01-08	60	m³
2606	0	2025-01-18	60	m³
2616	10.92921572	2025-01-28	60	m³
2626	0	2025-02-07	60	m³
2636	0	2024-12-17	46	m³
2646	0	2024-12-27	46	m³
2656	0	2025-01-06	46	m³
2666	0	2025-01-16	46	m³
2676	0	2025-01-26	46	m³
2686	0	2025-02-05	46	m³
2696	0	2025-02-15	46	m³
2706	0	2024-12-25	66	m³
2716	0.105679804	2025-01-04	66	m³
2726	0.075801413	2025-01-14	66	m³
2736	0	2025-01-24	66	m³
2746	0	2025-02-03	66	m³
2756	0	2025-02-13	66	m³
2766	15.50284648	2024-12-23	63	m³
2776	0	2025-01-02	63	m³
2786	0	2025-01-12	63	m³
2796	0	2025-01-22	63	m³
2806	0	2025-02-01	63	m³
2816	4.834591382	2025-02-11	63	m³
2826	0	2024-12-21	61	m³
2836	0	2024-12-31	61	m³
2846	0	2025-01-10	61	m³
2856	0	2025-01-20	61	m³
2866	0.070233223	2025-01-30	61	m³
2876	7.863779816	2025-02-09	61	m³
2886	0	2024-12-19	62	m³
2896	0	2024-12-29	62	m³
2906	0	2025-01-08	62	m³
2916	0	2025-01-18	62	m³
2926	0	2025-01-28	62	m³
2936	0	2025-02-07	62	m³
2946	0	2024-12-17	56	m³
2956	16.76267091	2024-12-27	56	m³
2966	0	2025-01-06	56	m³
2976	6.696347298	2025-01-16	56	m³
2986	0.418220699	2025-01-26	56	m³
2996	0	2025-02-05	56	m³
3006	0	2025-02-15	56	m³
3016	0.03697281	2024-12-25	58	m³
3026	0	2025-01-04	58	m³
3036	0	2025-01-14	58	m³
3046	0	2025-01-24	58	m³
3056	0	2025-02-03	58	m³
3066	0	2025-02-13	58	m³
3076	0	2024-12-23	57	m³
3086	0	2025-01-02	57	m³
3096	0	2025-01-12	57	m³
3106	0	2025-01-22	57	m³
3116	0	2025-02-01	57	m³
3126	0	2025-02-11	57	m³
3136	0	2024-12-21	59	m³
3146	0	2024-12-31	59	m³
3156	0	2025-01-10	59	m³
3166	0	2025-01-20	59	m³
3176	0	2025-01-30	59	m³
3186	4.035982137	2025-02-09	59	m³
3196	0	2024-12-19	52	m³
3206	0	2024-12-29	52	m³
3216	0	2025-01-08	52	m³
3226	0	2025-01-18	52	m³
3236	0	2025-01-28	52	m³
3246	0	2025-02-07	52	m³
3256	0	2024-12-17	54	m³
3266	0	2024-12-27	54	m³
3276	0	2025-01-06	54	m³
3286	10.38	2025-01-16	54	m³
3296	0	2025-01-26	54	m³
3306	0	2025-02-05	54	m³
3316	0	2025-02-15	54	m³
3326	0	2024-12-25	55	m³
3336	19.635	2025-01-04	55	m³
3346	0	2025-01-14	55	m³
3356	0	2025-01-24	55	m³
3366	0	2025-02-03	55	m³
3376	0	2025-02-13	55	m³
2457	18.92012871	2024-12-24	64	m³
2467	0	2025-01-03	64	m³
2477	0	2025-01-13	64	m³
2487	0	2025-01-23	64	m³
2497	0	2025-02-02	64	m³
2507	0	2025-02-12	64	m³
2517	0	2024-12-22	65	m³
2527	0	2025-01-01	65	m³
2537	0	2025-01-11	65	m³
2547	0	2025-01-21	65	m³
2557	0	2025-01-31	65	m³
2567	4.91085478	2025-02-10	65	m³
2577	0	2024-12-20	60	m³
2587	0	2024-12-30	60	m³
2597	0	2025-01-09	60	m³
1425	0	2024-12-16	58	m³
2607	0	2025-01-19	60	m³
2617	0	2025-01-29	60	m³
2627	0	2025-02-08	60	m³
2637	0	2024-12-18	46	m³
2647	0	2024-12-28	46	m³
2657	0	2025-01-07	46	m³
2667	0	2025-01-17	46	m³
2677	0	2025-01-27	46	m³
2687	0	2025-02-06	46	m³
2697	0	2025-02-16	46	m³
2707	0	2024-12-26	66	m³
2717	7.991553478	2025-01-05	66	m³
2727	0	2025-01-15	66	m³
2737	0	2025-01-25	66	m³
2747	0	2025-02-04	66	m³
2757	0	2025-02-14	66	m³
2767	25.83807746	2024-12-24	63	m³
2777	0	2025-01-03	63	m³
2787	0	2025-01-13	63	m³
2797	0	2025-01-23	63	m³
2807	0	2025-02-02	63	m³
2817	5.404464536	2025-02-12	63	m³
2827	0	2024-12-22	61	m³
2837	0	2025-01-01	61	m³
2847	0	2025-01-11	61	m³
2857	0	2025-01-21	61	m³
2867	0	2025-01-31	61	m³
2877	0.03160495	2025-02-10	61	m³
2887	0	2024-12-20	62	m³
2897	0	2024-12-30	62	m³
2907	9.433183801	2025-01-09	62	m³
2917	0	2025-01-19	62	m³
2927	0	2025-01-29	62	m³
2937	0	2025-02-08	62	m³
2947	0	2024-12-18	56	m³
2957	0	2024-12-28	56	m³
2967	0	2025-01-07	56	m³
2977	0	2025-01-17	56	m³
1464	0	2024-12-16	57	m³
2987	0	2025-01-27	56	m³
2997	0	2025-02-06	56	m³
3007	0	2025-02-16	56	m³
3017	10.63892611	2024-12-26	58	m³
3027	4.714649502	2025-01-05	58	m³
3037	0	2025-01-15	58	m³
3047	10.62031646	2025-01-25	58	m³
3057	0	2025-02-04	58	m³
3067	0	2025-02-14	58	m³
3077	0	2024-12-24	57	m³
3087	0	2025-01-03	57	m³
3097	0	2025-01-13	57	m³
3107	0	2025-01-23	57	m³
3117	0	2025-02-02	57	m³
3127	0.056905454	2025-02-12	57	m³
3137	0	2024-12-22	59	m³
3147	0	2025-01-01	59	m³
3157	0	2025-01-11	59	m³
3167	0	2025-01-21	59	m³
3177	0	2025-01-31	59	m³
3187	0	2025-02-10	59	m³
3197	0	2024-12-20	52	m³
3207	0	2024-12-30	52	m³
3217	0	2025-01-09	52	m³
3227	0	2025-01-19	52	m³
3237	0	2025-01-29	52	m³
3247	0	2025-02-08	52	m³
3257	0	2024-12-18	54	m³
3267	15.57	2024-12-28	54	m³
3277	0	2025-01-07	54	m³
3287	0	2025-01-17	54	m³
3297	0	2025-01-27	54	m³
3307	0	2025-02-06	54	m³
3317	0	2025-02-16	54	m³
3327	0	2024-12-26	55	m³
3337	0	2025-01-05	55	m³
3347	0	2025-01-15	55	m³
3357	26.18	2025-01-25	55	m³
1503	0	2024-12-16	59	m³
3367	0	2025-02-04	55	m³
3377	0	2025-02-14	55	m³
2458	0	2024-12-25	64	m³
2468	0	2025-01-04	64	m³
2478	0	2025-01-14	64	m³
2488	0	2025-01-24	64	m³
2498	0	2025-02-03	64	m³
2508	0	2025-02-13	64	m³
2518	16.40991447	2024-12-23	65	m³
2528	0	2025-01-02	65	m³
2538	0	2025-01-12	65	m³
2548	0	2025-01-22	65	m³
2558	0	2025-02-01	65	m³
2568	9.994356798	2025-02-11	65	m³
1542	0	2024-12-16	52	m³
2578	0	2024-12-21	60	m³
2588	0	2024-12-31	60	m³
2598	0	2025-01-10	60	m³
2608	0	2025-01-20	60	m³
2618	0.162980724	2025-01-30	60	m³
2628	0	2025-02-09	60	m³
2638	0	2024-12-19	46	m³
2648	0	2024-12-29	46	m³
2658	0	2025-01-08	46	m³
2668	7.328736828	2025-01-18	46	m³
2678	11.46354603	2025-01-28	46	m³
2688	0	2025-02-07	46	m³
2698	0	2024-12-17	66	m³
2708	11.08368262	2024-12-27	66	m³
2718	0	2025-01-06	66	m³
2728	0	2025-01-16	66	m³
2738	0	2025-01-26	66	m³
2748	0	2025-02-05	66	m³
2758	0	2025-02-15	66	m³
2768	0	2024-12-25	63	m³
2778	0.225365454	2025-01-04	63	m³
2788	0	2025-01-14	63	m³
2798	0	2025-01-24	63	m³
2808	0	2025-02-03	63	m³
2818	0	2025-02-13	63	m³
2828	0	2024-12-23	61	m³
2838	0	2025-01-02	61	m³
2848	0	2025-01-12	61	m³
2858	0	2025-01-22	61	m³
2868	0	2025-02-01	61	m³
2878	0	2025-02-11	61	m³
2888	0	2024-12-21	62	m³
2898	0	2024-12-31	62	m³
2908	0	2025-01-10	62	m³
2918	0	2025-01-20	62	m³
2928	0	2025-01-30	62	m³
2938	0	2025-02-09	62	m³
2948	0	2024-12-19	56	m³
1581	0	2024-12-16	54	m³
2958	0.039049552	2024-12-29	56	m³
2968	0	2025-01-08	56	m³
2978	0	2025-01-18	56	m³
2988	0	2025-01-28	56	m³
2998	0	2025-02-07	56	m³
3008	0	2024-12-17	58	m³
3018	15.87119495	2024-12-27	58	m³
3028	0	2025-01-06	58	m³
3038	6.34022072	2025-01-16	58	m³
3048	0.395978796	2025-01-26	58	m³
3058	0	2025-02-05	58	m³
3068	0	2025-02-15	58	m³
3078	6.786666032	2024-12-25	57	m³
3088	0	2025-01-04	57	m³
3098	0	2025-01-14	57	m³
3108	0	2025-01-24	57	m³
3118	0	2025-02-03	57	m³
3128	6.239710694	2025-02-13	57	m³
3138	0	2024-12-23	59	m³
3148	0	2025-01-02	59	m³
3158	0	2025-01-12	59	m³
3168	0	2025-01-22	59	m³
3178	0	2025-02-01	59	m³
3188	0	2025-02-11	59	m³
3198	0	2024-12-21	52	m³
3208	0	2024-12-31	52	m³
3218	0	2025-01-10	52	m³
3228	0	2025-01-20	52	m³
3238	0	2025-01-30	52	m³
3248	13.11678328	2025-02-09	52	m³
3258	0	2024-12-19	54	m³
3268	0	2024-12-29	54	m³
3278	0	2025-01-08	54	m³
3288	0	2025-01-18	54	m³
3298	0	2025-01-28	54	m³
3308	0	2025-02-07	54	m³
3318	0	2024-12-17	55	m³
3328	0	2024-12-27	55	m³
1620	0	2024-12-16	55	m³
3338	0	2025-01-06	55	m³
3348	13.09	2025-01-16	55	m³
3358	0	2025-01-26	55	m³
3368	0	2025-02-05	55	m³
3378	0	2025-02-15	55	m³
2459	0	2024-12-26	64	m³
2469	12.87769626	2025-01-05	64	m³
2479	0	2025-01-15	64	m³
2489	0	2025-01-25	64	m³
2499	0	2025-02-04	64	m³
2509	0	2025-02-14	64	m³
2519	19.42418453	2024-12-24	65	m³
2529	0	2025-01-03	65	m³
2539	0	2025-01-13	65	m³
2549	0	2025-01-23	65	m³
2559	0	2025-02-02	65	m³
2569	0	2025-02-12	65	m³
2579	0	2024-12-22	60	m³
2589	0	2025-01-01	60	m³
2599	0	2025-01-11	60	m³
2609	0	2025-01-21	60	m³
2619	0	2025-01-31	60	m³
2629	4.696561197	2025-02-10	60	m³
2639	22.10251597	2024-12-20	46	m³
2649	0	2024-12-30	46	m³
2659	0	2025-01-09	46	m³
2669	0	2025-01-19	46	m³
2679	0	2025-01-29	46	m³
2689	0	2025-02-08	46	m³
2699	0	2024-12-18	66	m³
2709	1.799651883	2024-12-28	66	m³
2719	0	2025-01-07	66	m³
2729	0	2025-01-17	66	m³
2739	0	2025-01-27	66	m³
2749	0	2025-02-06	66	m³
2759	0	2025-02-16	66	m³
2769	0	2024-12-26	63	m³
2779	5.543200658	2025-01-05	63	m³
2789	0	2025-01-15	63	m³
2799	0	2025-01-25	63	m³
2809	0	2025-02-04	63	m³
2819	0	2025-02-14	63	m³
2829	0	2024-12-24	61	m³
2839	0	2025-01-03	61	m³
2849	0	2025-01-13	61	m³
2859	0	2025-01-23	61	m³
2869	0	2025-02-02	61	m³
2879	6.957771246	2025-02-12	61	m³
2889	0	2024-12-22	62	m³
2899	0	2025-01-01	62	m³
2909	0	2025-01-11	62	m³
2919	0	2025-01-21	62	m³
2929	0	2025-01-31	62	m³
2939	5.698717238	2025-02-10	62	m³
2949	0	2024-12-20	56	m³
2959	0	2024-12-30	56	m³
2969	0	2025-01-09	56	m³
2979	0	2025-01-19	56	m³
2989	0	2025-01-29	56	m³
2999	0	2025-02-08	56	m³
3009	0	2024-12-18	58	m³
3019	0	2024-12-28	58	m³
3029	0	2025-01-07	58	m³
3039	0	2025-01-17	58	m³
3049	0	2025-01-27	58	m³
3059	0	2025-02-06	58	m³
3069	0	2025-02-16	58	m³
3079	8.362339388	2024-12-26	57	m³
3089	2.551905764	2025-01-05	57	m³
3099	0	2025-01-15	57	m³
3109	0	2025-01-25	57	m³
3119	0	2025-02-04	57	m³
3129	0	2025-02-14	57	m³
3139	0	2024-12-24	59	m³
3149	0	2025-01-03	59	m³
3159	0	2025-01-13	59	m³
3169	0	2025-01-23	59	m³
3179	0	2025-02-02	59	m³
3189	0.058083856	2025-02-12	59	m³
3199	0	2024-12-22	52	m³
3209	0	2025-01-01	52	m³
3219	0	2025-01-11	52	m³
3229	0	2025-01-21	52	m³
3239	0	2025-01-31	52	m³
3249	0	2025-02-10	52	m³
3259	0	2024-12-20	54	m³
3269	0	2024-12-30	54	m³
3279	0	2025-01-09	54	m³
3289	0	2025-01-19	54	m³
3299	0	2025-01-29	54	m³
3309	0	2025-02-08	54	m³
3319	0	2024-12-18	55	m³
3329	19.635	2024-12-28	55	m³
3339	0	2025-01-07	55	m³
3349	0	2025-01-17	55	m³
3359	0	2025-01-27	55	m³
3369	0	2025-02-06	55	m³
3379	0	2025-02-16	55	m³
\.


--
-- Data for Name: models_only_irrigation_system; Type: TABLE DATA; Schema: public; Owner: admin
--

COPY public.models_only_irrigation_system (id, irrigation_type, instalation_date, field_id_id) FROM stdin;
46	Drip	\N	32
52	Drip	\N	47
54	Drip	\N	46
55	Drip	\N	45
56	Drip	\N	44
57	Drip	\N	43
58	Drip	\N	42
59	Drip	\N	41
60	Drip	\N	40
61	Drip	\N	39
62	Drip	\N	38
63	Drip	\N	37
64	Drip	\N	36
65	Drip	\N	35
66	Drip	\N	34
\.


--
-- Data for Name: models_only_lidar; Type: TABLE DATA; Schema: public; Owner: admin
--

COPY public.models_only_lidar (id, datetime, field_id_id) FROM stdin;
\.


--
-- Data for Name: models_only_maitenance_dates; Type: TABLE DATA; Schema: public; Owner: admin
--

COPY public.models_only_maitenance_dates (id, date, irrigation_system_id_id) FROM stdin;
\.


--
-- Data for Name: models_only_ogimet_stations; Type: TABLE DATA; Schema: public; Owner: admin
--

COPY public.models_only_ogimet_stations (id, station_id, lat, long, location_name) FROM stdin;
1	60060	29.366666666666667	-10.183055555555555	Sidi ifni
2	60101	35.726111111111116	-5.905277777777778	Tanger Aerodrome
3	60106	35.17222222222222	-5.313055555555556	Chefchaouen
4	60115	34.783055555555556	-1.9330555555555553	Oujda
5	60120	34.30027777777777	-6.594444444444444	Kenitra
6	60128	34.39666666666667	-2.8980555555555556	Taourirt
7	60135	34.045833333333334	-6.757777777777778	Rabat-Sale
8	60141	33.9325	-4.974722222222223	Fes-Sais
9	60144	34.22944444444445	-3.943611111111111	Taza Hammou Meftah
10	60150	33.88194444444444	-5.522777777777778	Meknes
11	60155	33.56666666666667	-7.666666666666667	Casablanca
12	60156	33.36666666666667	-7.583055555555555	Nouasseur
13	60158	33.645833333333336	-7.214166666666667	Benslimane
14	60160	33.5	-5.166666666666667	Ifrane
15	60165	33.23305555555556	-8.516666666666667	El Jadida
16	60178	32.86666666666667	-6.966666666666667	Khouribga
17	60185	32.283055555555556	-9.233055555555556	Safi
18	60195	32.683055555555555	-4.733055555555556	Midelt
19	60200	32.56638888888889	-1.7833333333333332	Bouarfa
20	60210	31.93305555555556	-4.4	Errachidia
21	60230	31.616388888888892	-8.033055555555556	Marrakech
22	60253	30.5	-8.816666666666666	Taroudant
23	60265	30.93305555555556	-6.9	Ouarzazate
24	60270	29.68305555555556	-9.733055555555556	Tiznit
25	60280	29.016666666666666	-10.05	Guelmin
26	60285	28.445833333333333	-11.158055555555556	Tan-Tan
27	60340	34.98305555555556	-3.0166666666666666	Nador-Aroui
\.


--
-- Data for Name: models_only_policymaker; Type: TABLE DATA; Schema: public; Owner: admin
--

COPY public.models_only_policymaker (id, first_name, last_name, email, password) FROM stdin;
\.


--
-- Data for Name: models_only_remote_sensing; Type: TABLE DATA; Schema: public; Owner: admin
--

COPY public.models_only_remote_sensing (id, datetime, path, "RS_type", source, field_id_id) FROM stdin;
\.


--
-- Data for Name: models_only_searcher; Type: TABLE DATA; Schema: public; Owner: admin
--

COPY public.models_only_searcher (id, first_name, last_name, email, password) FROM stdin;
\.


--
-- Data for Name: models_only_sentinel2; Type: TABLE DATA; Schema: public; Owner: admin
--

COPY public.models_only_sentinel2 (id, path, date) FROM stdin;
\.


--
-- Data for Name: models_only_soil; Type: TABLE DATA; Schema: public; Owner: admin
--

COPY public.models_only_soil (id, soil_input_method, soil_type, sand_percentage, silt_percentage, clay_percentage, field_id_id) FROM stdin;
\.


--
-- Data for Name: models_only_soil_analysis; Type: TABLE DATA; Schema: public; Owner: admin
--

COPY public.models_only_soil_analysis (id, "PH_eau", "EC_ms_cm", "EC_ms_cm_pate_saturée", "Argile", "Limon", "Sable", "MO", "Nt", "P205", "K20", "Na20", "Na", "Cao", "Ca", "MGo", "Mg", "SAR", "Cu", "Mn", "Fe", "Zn", "NNH4", "NO3", "CI", "BORE", "Caco3", "Caco3_actif_AXB", soil_id_id) FROM stdin;
\.


--
-- Data for Name: models_only_sol_fao_parametre; Type: TABLE DATA; Schema: public; Owner: admin
--

COPY public.models_only_sol_fao_parametre (id, sol, "REW_min", "REW_max", "thetaFC_min", "thetaFC_max", "thetaWP_min", "thetaWP_max") FROM stdin;
1	Sand	2	7	0.07	0.17	0.02	0.07
2	Loamy sand	4	8	0.11	0.17	0.03	0.1
3	Sandy loam	6	10	0.18	0.28	0.06	0.16
4	Loam	8	10	0.2	0.3	0.07	0.17
5	Silt loam	8	11	0.22	0.36	0.09	0.21
6	Silt	8	11	0.28	0.36	0.12	0.22
7	Silt clay loam	8	11	0.3	0.37	0.17	0.24
8	Silty clay	8	12	0.3	0.42	0.17	0.29
9	Clay	8	12	0.32	0.4	0.2	0.24
\.


--
-- Data for Name: models_only_sprinkler_irrigation; Type: TABLE DATA; Schema: public; Owner: admin
--

COPY public.models_only_sprinkler_irrigation (irrigation_system_ptr_id, coverage_area, outflow_rate, number_of_sprinklers) FROM stdin;
\.


--
-- Data for Name: models_only_station; Type: TABLE DATA; Schema: public; Owner: admin
--

COPY public.models_only_station (id, datetime, coordinates, station_type, sensor_type, mesur, field_id_id) FROM stdin;
\.


--
-- Data for Name: models_only_surface_irrigation; Type: TABLE DATA; Schema: public; Owner: admin
--

COPY public.models_only_surface_irrigation (irrigation_system_ptr_id) FROM stdin;
\.


--
-- Data for Name: models_only_weather_date; Type: TABLE DATA; Schema: public; Owner: admin
--

COPY public.models_only_weather_date (id, "Date", "T2m", "Ws", "Et0", "Rain", "Rh", "D2m", "Field_id_id") FROM stdin;
\.


--
-- Data for Name: spatial_ref_sys; Type: TABLE DATA; Schema: public; Owner: admin
--

COPY public.spatial_ref_sys (srid, auth_name, auth_srid, srtext, proj4text) FROM stdin;
\.


--
-- Data for Name: geocode_settings; Type: TABLE DATA; Schema: tiger; Owner: admin
--

COPY tiger.geocode_settings (name, setting, unit, category, short_desc) FROM stdin;
\.


--
-- Data for Name: pagc_gaz; Type: TABLE DATA; Schema: tiger; Owner: admin
--

COPY tiger.pagc_gaz (id, seq, word, stdword, token, is_custom) FROM stdin;
\.


--
-- Data for Name: pagc_lex; Type: TABLE DATA; Schema: tiger; Owner: admin
--

COPY tiger.pagc_lex (id, seq, word, stdword, token, is_custom) FROM stdin;
\.


--
-- Data for Name: pagc_rules; Type: TABLE DATA; Schema: tiger; Owner: admin
--

COPY tiger.pagc_rules (id, rule, is_custom) FROM stdin;
\.


--
-- Data for Name: topology; Type: TABLE DATA; Schema: topology; Owner: admin
--

COPY topology.topology (id, name, srid, "precision", hasz) FROM stdin;
\.


--
-- Data for Name: layer; Type: TABLE DATA; Schema: topology; Owner: admin
--

COPY topology.layer (topology_id, layer_id, schema_name, table_name, feature_column, feature_type, level, child_id) FROM stdin;
\.


--
-- Name: auth_group_id_seq; Type: SEQUENCE SET; Schema: public; Owner: admin
--

SELECT pg_catalog.setval('public.auth_group_id_seq', 1, false);


--
-- Name: auth_group_permissions_id_seq; Type: SEQUENCE SET; Schema: public; Owner: admin
--

SELECT pg_catalog.setval('public.auth_group_permissions_id_seq', 1, false);


--
-- Name: auth_permission_id_seq; Type: SEQUENCE SET; Schema: public; Owner: admin
--

SELECT pg_catalog.setval('public.auth_permission_id_seq', 160, true);


--
-- Name: auth_user_groups_id_seq; Type: SEQUENCE SET; Schema: public; Owner: admin
--

SELECT pg_catalog.setval('public.auth_user_groups_id_seq', 1, false);


--
-- Name: auth_user_id_seq; Type: SEQUENCE SET; Schema: public; Owner: admin
--

SELECT pg_catalog.setval('public.auth_user_id_seq', 1, true);


--
-- Name: auth_user_user_permissions_id_seq; Type: SEQUENCE SET; Schema: public; Owner: admin
--

SELECT pg_catalog.setval('public.auth_user_user_permissions_id_seq', 1, false);


--
-- Name: django_admin_log_id_seq; Type: SEQUENCE SET; Schema: public; Owner: admin
--

SELECT pg_catalog.setval('public.django_admin_log_id_seq', 69, true);


--
-- Name: django_celery_beat_clockedschedule_id_seq; Type: SEQUENCE SET; Schema: public; Owner: admin
--

SELECT pg_catalog.setval('public.django_celery_beat_clockedschedule_id_seq', 1, false);


--
-- Name: django_celery_beat_crontabschedule_id_seq; Type: SEQUENCE SET; Schema: public; Owner: admin
--

SELECT pg_catalog.setval('public.django_celery_beat_crontabschedule_id_seq', 1, false);


--
-- Name: django_celery_beat_intervalschedule_id_seq; Type: SEQUENCE SET; Schema: public; Owner: admin
--

SELECT pg_catalog.setval('public.django_celery_beat_intervalschedule_id_seq', 1, false);


--
-- Name: django_celery_beat_periodictask_id_seq; Type: SEQUENCE SET; Schema: public; Owner: admin
--

SELECT pg_catalog.setval('public.django_celery_beat_periodictask_id_seq', 1, false);


--
-- Name: django_celery_beat_solarschedule_id_seq; Type: SEQUENCE SET; Schema: public; Owner: admin
--

SELECT pg_catalog.setval('public.django_celery_beat_solarschedule_id_seq', 1, false);


--
-- Name: django_celery_results_chordcounter_id_seq; Type: SEQUENCE SET; Schema: public; Owner: admin
--

SELECT pg_catalog.setval('public.django_celery_results_chordcounter_id_seq', 1, false);


--
-- Name: django_celery_results_groupresult_id_seq; Type: SEQUENCE SET; Schema: public; Owner: admin
--

SELECT pg_catalog.setval('public.django_celery_results_groupresult_id_seq', 1, false);


--
-- Name: django_celery_results_taskresult_id_seq; Type: SEQUENCE SET; Schema: public; Owner: admin
--

SELECT pg_catalog.setval('public.django_celery_results_taskresult_id_seq', 1, false);


--
-- Name: django_content_type_id_seq; Type: SEQUENCE SET; Schema: public; Owner: admin
--

SELECT pg_catalog.setval('public.django_content_type_id_seq', 40, true);


--
-- Name: django_migrations_id_seq; Type: SEQUENCE SET; Schema: public; Owner: admin
--

SELECT pg_catalog.setval('public.django_migrations_id_seq', 54, true);


--
-- Name: models_only_aquacrop_output_id_seq; Type: SEQUENCE SET; Schema: public; Owner: admin
--

SELECT pg_catalog.setval('public.models_only_aquacrop_output_id_seq', 1, false);


--
-- Name: models_only_crop_id_seq; Type: SEQUENCE SET; Schema: public; Owner: admin
--

SELECT pg_catalog.setval('public.models_only_crop_id_seq', 29, true);


--
-- Name: models_only_drone_id_seq; Type: SEQUENCE SET; Schema: public; Owner: admin
--

SELECT pg_catalog.setval('public.models_only_drone_id_seq', 1, false);


--
-- Name: models_only_fao_crop_parametre_id_seq; Type: SEQUENCE SET; Schema: public; Owner: admin
--

SELECT pg_catalog.setval('public.models_only_fao_crop_parametre_id_seq', 1, false);


--
-- Name: models_only_fao_output_id_seq; Type: SEQUENCE SET; Schema: public; Owner: admin
--

SELECT pg_catalog.setval('public.models_only_fao_output_id_seq', 1, false);


--
-- Name: models_only_farmer_id_seq; Type: SEQUENCE SET; Schema: public; Owner: admin
--

SELECT pg_catalog.setval('public.models_only_farmer_id_seq', 1, true);


--
-- Name: models_only_field_id_seq; Type: SEQUENCE SET; Schema: public; Owner: admin
--

SELECT pg_catalog.setval('public.models_only_field_id_seq', 31, true);


--
-- Name: models_only_forcast_weather_date_id_seq; Type: SEQUENCE SET; Schema: public; Owner: admin
--

SELECT pg_catalog.setval('public.models_only_forcast_weather_date_id_seq', 1, false);


--
-- Name: models_only_irrigation_amount_id_seq; Type: SEQUENCE SET; Schema: public; Owner: admin
--

SELECT pg_catalog.setval('public.models_only_irrigation_amount_id_seq', 3379, true);


--
-- Name: models_only_irrigation_system_id_seq; Type: SEQUENCE SET; Schema: public; Owner: admin
--

SELECT pg_catalog.setval('public.models_only_irrigation_system_id_seq', 68, true);


--
-- Name: models_only_lidar_id_seq; Type: SEQUENCE SET; Schema: public; Owner: admin
--

SELECT pg_catalog.setval('public.models_only_lidar_id_seq', 1, false);


--
-- Name: models_only_maitenance_dates_id_seq; Type: SEQUENCE SET; Schema: public; Owner: admin
--

SELECT pg_catalog.setval('public.models_only_maitenance_dates_id_seq', 1, false);


--
-- Name: models_only_ogimet_stations_id_seq; Type: SEQUENCE SET; Schema: public; Owner: admin
--

SELECT pg_catalog.setval('public.models_only_ogimet_stations_id_seq', 1, false);


--
-- Name: models_only_policymaker_id_seq; Type: SEQUENCE SET; Schema: public; Owner: admin
--

SELECT pg_catalog.setval('public.models_only_policymaker_id_seq', 1, false);


--
-- Name: models_only_remote_sensing_id_seq; Type: SEQUENCE SET; Schema: public; Owner: admin
--

SELECT pg_catalog.setval('public.models_only_remote_sensing_id_seq', 1, false);


--
-- Name: models_only_searcher_id_seq; Type: SEQUENCE SET; Schema: public; Owner: admin
--

SELECT pg_catalog.setval('public.models_only_searcher_id_seq', 1, false);


--
-- Name: models_only_sentinel2_id_seq; Type: SEQUENCE SET; Schema: public; Owner: admin
--

SELECT pg_catalog.setval('public.models_only_sentinel2_id_seq', 1, false);


--
-- Name: models_only_soil_analysis_id_seq; Type: SEQUENCE SET; Schema: public; Owner: admin
--

SELECT pg_catalog.setval('public.models_only_soil_analysis_id_seq', 1, false);


--
-- Name: models_only_soil_id_seq; Type: SEQUENCE SET; Schema: public; Owner: admin
--

SELECT pg_catalog.setval('public.models_only_soil_id_seq', 30, true);


--
-- Name: models_only_sol_fao_parametre_id_seq; Type: SEQUENCE SET; Schema: public; Owner: admin
--

SELECT pg_catalog.setval('public.models_only_sol_fao_parametre_id_seq', 1, false);


--
-- Name: models_only_station_id_seq; Type: SEQUENCE SET; Schema: public; Owner: admin
--

SELECT pg_catalog.setval('public.models_only_station_id_seq', 1, false);


--
-- Name: models_only_weather_date_id_seq; Type: SEQUENCE SET; Schema: public; Owner: admin
--

SELECT pg_catalog.setval('public.models_only_weather_date_id_seq', 1, false);


--
-- Name: topology_id_seq; Type: SEQUENCE SET; Schema: topology; Owner: admin
--

SELECT pg_catalog.setval('topology.topology_id_seq', 1, false);


--
-- Name: auth_group auth_group_name_key; Type: CONSTRAINT; Schema: public; Owner: admin
--

ALTER TABLE ONLY public.auth_group
    ADD CONSTRAINT auth_group_name_key UNIQUE (name);


--
-- Name: auth_group_permissions auth_group_permissions_group_id_permission_id_0cd325b0_uniq; Type: CONSTRAINT; Schema: public; Owner: admin
--

ALTER TABLE ONLY public.auth_group_permissions
    ADD CONSTRAINT auth_group_permissions_group_id_permission_id_0cd325b0_uniq UNIQUE (group_id, permission_id);


--
-- Name: auth_group_permissions auth_group_permissions_pkey; Type: CONSTRAINT; Schema: public; Owner: admin
--

ALTER TABLE ONLY public.auth_group_permissions
    ADD CONSTRAINT auth_group_permissions_pkey PRIMARY KEY (id);


--
-- Name: auth_group auth_group_pkey; Type: CONSTRAINT; Schema: public; Owner: admin
--

ALTER TABLE ONLY public.auth_group
    ADD CONSTRAINT auth_group_pkey PRIMARY KEY (id);


--
-- Name: auth_permission auth_permission_content_type_id_codename_01ab375a_uniq; Type: CONSTRAINT; Schema: public; Owner: admin
--

ALTER TABLE ONLY public.auth_permission
    ADD CONSTRAINT auth_permission_content_type_id_codename_01ab375a_uniq UNIQUE (content_type_id, codename);


--
-- Name: auth_permission auth_permission_pkey; Type: CONSTRAINT; Schema: public; Owner: admin
--

ALTER TABLE ONLY public.auth_permission
    ADD CONSTRAINT auth_permission_pkey PRIMARY KEY (id);


--
-- Name: auth_user_groups auth_user_groups_pkey; Type: CONSTRAINT; Schema: public; Owner: admin
--

ALTER TABLE ONLY public.auth_user_groups
    ADD CONSTRAINT auth_user_groups_pkey PRIMARY KEY (id);


--
-- Name: auth_user_groups auth_user_groups_user_id_group_id_94350c0c_uniq; Type: CONSTRAINT; Schema: public; Owner: admin
--

ALTER TABLE ONLY public.auth_user_groups
    ADD CONSTRAINT auth_user_groups_user_id_group_id_94350c0c_uniq UNIQUE (user_id, group_id);


--
-- Name: auth_user auth_user_pkey; Type: CONSTRAINT; Schema: public; Owner: admin
--

ALTER TABLE ONLY public.auth_user
    ADD CONSTRAINT auth_user_pkey PRIMARY KEY (id);


--
-- Name: auth_user_user_permissions auth_user_user_permissions_pkey; Type: CONSTRAINT; Schema: public; Owner: admin
--

ALTER TABLE ONLY public.auth_user_user_permissions
    ADD CONSTRAINT auth_user_user_permissions_pkey PRIMARY KEY (id);


--
-- Name: auth_user_user_permissions auth_user_user_permissions_user_id_permission_id_14a6b632_uniq; Type: CONSTRAINT; Schema: public; Owner: admin
--

ALTER TABLE ONLY public.auth_user_user_permissions
    ADD CONSTRAINT auth_user_user_permissions_user_id_permission_id_14a6b632_uniq UNIQUE (user_id, permission_id);


--
-- Name: auth_user auth_user_username_key; Type: CONSTRAINT; Schema: public; Owner: admin
--

ALTER TABLE ONLY public.auth_user
    ADD CONSTRAINT auth_user_username_key UNIQUE (username);


--
-- Name: django_admin_log django_admin_log_pkey; Type: CONSTRAINT; Schema: public; Owner: admin
--

ALTER TABLE ONLY public.django_admin_log
    ADD CONSTRAINT django_admin_log_pkey PRIMARY KEY (id);


--
-- Name: django_celery_beat_clockedschedule django_celery_beat_clockedschedule_pkey; Type: CONSTRAINT; Schema: public; Owner: admin
--

ALTER TABLE ONLY public.django_celery_beat_clockedschedule
    ADD CONSTRAINT django_celery_beat_clockedschedule_pkey PRIMARY KEY (id);


--
-- Name: django_celery_beat_crontabschedule django_celery_beat_crontabschedule_pkey; Type: CONSTRAINT; Schema: public; Owner: admin
--

ALTER TABLE ONLY public.django_celery_beat_crontabschedule
    ADD CONSTRAINT django_celery_beat_crontabschedule_pkey PRIMARY KEY (id);


--
-- Name: django_celery_beat_intervalschedule django_celery_beat_intervalschedule_pkey; Type: CONSTRAINT; Schema: public; Owner: admin
--

ALTER TABLE ONLY public.django_celery_beat_intervalschedule
    ADD CONSTRAINT django_celery_beat_intervalschedule_pkey PRIMARY KEY (id);


--
-- Name: django_celery_beat_periodictask django_celery_beat_periodictask_name_key; Type: CONSTRAINT; Schema: public; Owner: admin
--

ALTER TABLE ONLY public.django_celery_beat_periodictask
    ADD CONSTRAINT django_celery_beat_periodictask_name_key UNIQUE (name);


--
-- Name: django_celery_beat_periodictask django_celery_beat_periodictask_pkey; Type: CONSTRAINT; Schema: public; Owner: admin
--

ALTER TABLE ONLY public.django_celery_beat_periodictask
    ADD CONSTRAINT django_celery_beat_periodictask_pkey PRIMARY KEY (id);


--
-- Name: django_celery_beat_periodictasks django_celery_beat_periodictasks_pkey; Type: CONSTRAINT; Schema: public; Owner: admin
--

ALTER TABLE ONLY public.django_celery_beat_periodictasks
    ADD CONSTRAINT django_celery_beat_periodictasks_pkey PRIMARY KEY (ident);


--
-- Name: django_celery_beat_solarschedule django_celery_beat_solar_event_latitude_longitude_ba64999a_uniq; Type: CONSTRAINT; Schema: public; Owner: admin
--

ALTER TABLE ONLY public.django_celery_beat_solarschedule
    ADD CONSTRAINT django_celery_beat_solar_event_latitude_longitude_ba64999a_uniq UNIQUE (event, latitude, longitude);


--
-- Name: django_celery_beat_solarschedule django_celery_beat_solarschedule_pkey; Type: CONSTRAINT; Schema: public; Owner: admin
--

ALTER TABLE ONLY public.django_celery_beat_solarschedule
    ADD CONSTRAINT django_celery_beat_solarschedule_pkey PRIMARY KEY (id);


--
-- Name: django_celery_results_chordcounter django_celery_results_chordcounter_group_id_key; Type: CONSTRAINT; Schema: public; Owner: admin
--

ALTER TABLE ONLY public.django_celery_results_chordcounter
    ADD CONSTRAINT django_celery_results_chordcounter_group_id_key UNIQUE (group_id);


--
-- Name: django_celery_results_chordcounter django_celery_results_chordcounter_pkey; Type: CONSTRAINT; Schema: public; Owner: admin
--

ALTER TABLE ONLY public.django_celery_results_chordcounter
    ADD CONSTRAINT django_celery_results_chordcounter_pkey PRIMARY KEY (id);


--
-- Name: django_celery_results_groupresult django_celery_results_groupresult_group_id_key; Type: CONSTRAINT; Schema: public; Owner: admin
--

ALTER TABLE ONLY public.django_celery_results_groupresult
    ADD CONSTRAINT django_celery_results_groupresult_group_id_key UNIQUE (group_id);


--
-- Name: django_celery_results_groupresult django_celery_results_groupresult_pkey; Type: CONSTRAINT; Schema: public; Owner: admin
--

ALTER TABLE ONLY public.django_celery_results_groupresult
    ADD CONSTRAINT django_celery_results_groupresult_pkey PRIMARY KEY (id);


--
-- Name: django_celery_results_taskresult django_celery_results_taskresult_pkey; Type: CONSTRAINT; Schema: public; Owner: admin
--

ALTER TABLE ONLY public.django_celery_results_taskresult
    ADD CONSTRAINT django_celery_results_taskresult_pkey PRIMARY KEY (id);


--
-- Name: django_celery_results_taskresult django_celery_results_taskresult_task_id_key; Type: CONSTRAINT; Schema: public; Owner: admin
--

ALTER TABLE ONLY public.django_celery_results_taskresult
    ADD CONSTRAINT django_celery_results_taskresult_task_id_key UNIQUE (task_id);


--
-- Name: django_content_type django_content_type_app_label_model_76bd3d3b_uniq; Type: CONSTRAINT; Schema: public; Owner: admin
--

ALTER TABLE ONLY public.django_content_type
    ADD CONSTRAINT django_content_type_app_label_model_76bd3d3b_uniq UNIQUE (app_label, model);


--
-- Name: django_content_type django_content_type_pkey; Type: CONSTRAINT; Schema: public; Owner: admin
--

ALTER TABLE ONLY public.django_content_type
    ADD CONSTRAINT django_content_type_pkey PRIMARY KEY (id);


--
-- Name: django_migrations django_migrations_pkey; Type: CONSTRAINT; Schema: public; Owner: admin
--

ALTER TABLE ONLY public.django_migrations
    ADD CONSTRAINT django_migrations_pkey PRIMARY KEY (id);


--
-- Name: django_session django_session_pkey; Type: CONSTRAINT; Schema: public; Owner: admin
--

ALTER TABLE ONLY public.django_session
    ADD CONSTRAINT django_session_pkey PRIMARY KEY (session_key);


--
-- Name: models_only_aquacrop_output models_only_aquacrop_output_pkey; Type: CONSTRAINT; Schema: public; Owner: admin
--

ALTER TABLE ONLY public.models_only_aquacrop_output
    ADD CONSTRAINT models_only_aquacrop_output_pkey PRIMARY KEY (id);


--
-- Name: models_only_crop models_only_crop_pkey; Type: CONSTRAINT; Schema: public; Owner: admin
--

ALTER TABLE ONLY public.models_only_crop
    ADD CONSTRAINT models_only_crop_pkey PRIMARY KEY (id);


--
-- Name: models_only_drip_irrigation models_only_drip_irrigation_pkey; Type: CONSTRAINT; Schema: public; Owner: admin
--

ALTER TABLE ONLY public.models_only_drip_irrigation
    ADD CONSTRAINT models_only_drip_irrigation_pkey PRIMARY KEY (irrigation_system_ptr_id);


--
-- Name: models_only_drone models_only_drone_pkey; Type: CONSTRAINT; Schema: public; Owner: admin
--

ALTER TABLE ONLY public.models_only_drone
    ADD CONSTRAINT models_only_drone_pkey PRIMARY KEY (id);


--
-- Name: models_only_fao_crop_parametre models_only_fao_crop_parametre_pkey; Type: CONSTRAINT; Schema: public; Owner: admin
--

ALTER TABLE ONLY public.models_only_fao_crop_parametre
    ADD CONSTRAINT models_only_fao_crop_parametre_pkey PRIMARY KEY (id);


--
-- Name: models_only_fao_output models_only_fao_output_pkey; Type: CONSTRAINT; Schema: public; Owner: admin
--

ALTER TABLE ONLY public.models_only_fao_output
    ADD CONSTRAINT models_only_fao_output_pkey PRIMARY KEY (id);


--
-- Name: models_only_farmer models_only_farmer_email_key; Type: CONSTRAINT; Schema: public; Owner: admin
--

ALTER TABLE ONLY public.models_only_farmer
    ADD CONSTRAINT models_only_farmer_email_key UNIQUE (email);


--
-- Name: models_only_farmer models_only_farmer_pkey; Type: CONSTRAINT; Schema: public; Owner: admin
--

ALTER TABLE ONLY public.models_only_farmer
    ADD CONSTRAINT models_only_farmer_pkey PRIMARY KEY (id);


--
-- Name: models_only_field models_only_field_pkey; Type: CONSTRAINT; Schema: public; Owner: admin
--

ALTER TABLE ONLY public.models_only_field
    ADD CONSTRAINT models_only_field_pkey PRIMARY KEY (id);


--
-- Name: models_only_forcast_weather_date models_only_forcast_weather_date_pkey; Type: CONSTRAINT; Schema: public; Owner: admin
--

ALTER TABLE ONLY public.models_only_forcast_weather_date
    ADD CONSTRAINT models_only_forcast_weather_date_pkey PRIMARY KEY (id);


--
-- Name: models_only_irrigation_amount models_only_irrigation_amount_pkey; Type: CONSTRAINT; Schema: public; Owner: admin
--

ALTER TABLE ONLY public.models_only_irrigation_amount
    ADD CONSTRAINT models_only_irrigation_amount_pkey PRIMARY KEY (id);


--
-- Name: models_only_irrigation_system models_only_irrigation_system_pkey; Type: CONSTRAINT; Schema: public; Owner: admin
--

ALTER TABLE ONLY public.models_only_irrigation_system
    ADD CONSTRAINT models_only_irrigation_system_pkey PRIMARY KEY (id);


--
-- Name: models_only_lidar models_only_lidar_pkey; Type: CONSTRAINT; Schema: public; Owner: admin
--

ALTER TABLE ONLY public.models_only_lidar
    ADD CONSTRAINT models_only_lidar_pkey PRIMARY KEY (id);


--
-- Name: models_only_maitenance_dates models_only_maitenance_dates_pkey; Type: CONSTRAINT; Schema: public; Owner: admin
--

ALTER TABLE ONLY public.models_only_maitenance_dates
    ADD CONSTRAINT models_only_maitenance_dates_pkey PRIMARY KEY (id);


--
-- Name: models_only_ogimet_stations models_only_ogimet_stations_pkey; Type: CONSTRAINT; Schema: public; Owner: admin
--

ALTER TABLE ONLY public.models_only_ogimet_stations
    ADD CONSTRAINT models_only_ogimet_stations_pkey PRIMARY KEY (id);


--
-- Name: models_only_policymaker models_only_policymaker_email_key; Type: CONSTRAINT; Schema: public; Owner: admin
--

ALTER TABLE ONLY public.models_only_policymaker
    ADD CONSTRAINT models_only_policymaker_email_key UNIQUE (email);


--
-- Name: models_only_policymaker models_only_policymaker_pkey; Type: CONSTRAINT; Schema: public; Owner: admin
--

ALTER TABLE ONLY public.models_only_policymaker
    ADD CONSTRAINT models_only_policymaker_pkey PRIMARY KEY (id);


--
-- Name: models_only_remote_sensing models_only_remote_sensing_pkey; Type: CONSTRAINT; Schema: public; Owner: admin
--

ALTER TABLE ONLY public.models_only_remote_sensing
    ADD CONSTRAINT models_only_remote_sensing_pkey PRIMARY KEY (id);


--
-- Name: models_only_searcher models_only_searcher_email_key; Type: CONSTRAINT; Schema: public; Owner: admin
--

ALTER TABLE ONLY public.models_only_searcher
    ADD CONSTRAINT models_only_searcher_email_key UNIQUE (email);


--
-- Name: models_only_searcher models_only_searcher_pkey; Type: CONSTRAINT; Schema: public; Owner: admin
--

ALTER TABLE ONLY public.models_only_searcher
    ADD CONSTRAINT models_only_searcher_pkey PRIMARY KEY (id);


--
-- Name: models_only_sentinel2 models_only_sentinel2_pkey; Type: CONSTRAINT; Schema: public; Owner: admin
--

ALTER TABLE ONLY public.models_only_sentinel2
    ADD CONSTRAINT models_only_sentinel2_pkey PRIMARY KEY (id);


--
-- Name: models_only_soil_analysis models_only_soil_analysis_pkey; Type: CONSTRAINT; Schema: public; Owner: admin
--

ALTER TABLE ONLY public.models_only_soil_analysis
    ADD CONSTRAINT models_only_soil_analysis_pkey PRIMARY KEY (id);


--
-- Name: models_only_soil models_only_soil_pkey; Type: CONSTRAINT; Schema: public; Owner: admin
--

ALTER TABLE ONLY public.models_only_soil
    ADD CONSTRAINT models_only_soil_pkey PRIMARY KEY (id);


--
-- Name: models_only_sol_fao_parametre models_only_sol_fao_parametre_pkey; Type: CONSTRAINT; Schema: public; Owner: admin
--

ALTER TABLE ONLY public.models_only_sol_fao_parametre
    ADD CONSTRAINT models_only_sol_fao_parametre_pkey PRIMARY KEY (id);


--
-- Name: models_only_sprinkler_irrigation models_only_sprinkler_irrigation_pkey; Type: CONSTRAINT; Schema: public; Owner: admin
--

ALTER TABLE ONLY public.models_only_sprinkler_irrigation
    ADD CONSTRAINT models_only_sprinkler_irrigation_pkey PRIMARY KEY (irrigation_system_ptr_id);


--
-- Name: models_only_station models_only_station_pkey; Type: CONSTRAINT; Schema: public; Owner: admin
--

ALTER TABLE ONLY public.models_only_station
    ADD CONSTRAINT models_only_station_pkey PRIMARY KEY (id);


--
-- Name: models_only_surface_irrigation models_only_surface_irrigation_pkey; Type: CONSTRAINT; Schema: public; Owner: admin
--

ALTER TABLE ONLY public.models_only_surface_irrigation
    ADD CONSTRAINT models_only_surface_irrigation_pkey PRIMARY KEY (irrigation_system_ptr_id);


--
-- Name: models_only_weather_date models_only_weather_date_pkey; Type: CONSTRAINT; Schema: public; Owner: admin
--

ALTER TABLE ONLY public.models_only_weather_date
    ADD CONSTRAINT models_only_weather_date_pkey PRIMARY KEY (id);


--
-- Name: auth_group_name_a6ea08ec_like; Type: INDEX; Schema: public; Owner: admin
--

CREATE INDEX auth_group_name_a6ea08ec_like ON public.auth_group USING btree (name varchar_pattern_ops);


--
-- Name: auth_group_permissions_group_id_b120cbf9; Type: INDEX; Schema: public; Owner: admin
--

CREATE INDEX auth_group_permissions_group_id_b120cbf9 ON public.auth_group_permissions USING btree (group_id);


--
-- Name: auth_group_permissions_permission_id_84c5c92e; Type: INDEX; Schema: public; Owner: admin
--

CREATE INDEX auth_group_permissions_permission_id_84c5c92e ON public.auth_group_permissions USING btree (permission_id);


--
-- Name: auth_permission_content_type_id_2f476e4b; Type: INDEX; Schema: public; Owner: admin
--

CREATE INDEX auth_permission_content_type_id_2f476e4b ON public.auth_permission USING btree (content_type_id);


--
-- Name: auth_user_groups_group_id_97559544; Type: INDEX; Schema: public; Owner: admin
--

CREATE INDEX auth_user_groups_group_id_97559544 ON public.auth_user_groups USING btree (group_id);


--
-- Name: auth_user_groups_user_id_6a12ed8b; Type: INDEX; Schema: public; Owner: admin
--

CREATE INDEX auth_user_groups_user_id_6a12ed8b ON public.auth_user_groups USING btree (user_id);


--
-- Name: auth_user_user_permissions_permission_id_1fbb5f2c; Type: INDEX; Schema: public; Owner: admin
--

CREATE INDEX auth_user_user_permissions_permission_id_1fbb5f2c ON public.auth_user_user_permissions USING btree (permission_id);


--
-- Name: auth_user_user_permissions_user_id_a95ead1b; Type: INDEX; Schema: public; Owner: admin
--

CREATE INDEX auth_user_user_permissions_user_id_a95ead1b ON public.auth_user_user_permissions USING btree (user_id);


--
-- Name: auth_user_username_6821ab7c_like; Type: INDEX; Schema: public; Owner: admin
--

CREATE INDEX auth_user_username_6821ab7c_like ON public.auth_user USING btree (username varchar_pattern_ops);


--
-- Name: django_admin_log_content_type_id_c4bce8eb; Type: INDEX; Schema: public; Owner: admin
--

CREATE INDEX django_admin_log_content_type_id_c4bce8eb ON public.django_admin_log USING btree (content_type_id);


--
-- Name: django_admin_log_user_id_c564eba6; Type: INDEX; Schema: public; Owner: admin
--

CREATE INDEX django_admin_log_user_id_c564eba6 ON public.django_admin_log USING btree (user_id);


--
-- Name: django_cele_date_cr_bd6c1d_idx; Type: INDEX; Schema: public; Owner: admin
--

CREATE INDEX django_cele_date_cr_bd6c1d_idx ON public.django_celery_results_groupresult USING btree (date_created);


--
-- Name: django_cele_date_cr_f04a50_idx; Type: INDEX; Schema: public; Owner: admin
--

CREATE INDEX django_cele_date_cr_f04a50_idx ON public.django_celery_results_taskresult USING btree (date_created);


--
-- Name: django_cele_date_do_caae0e_idx; Type: INDEX; Schema: public; Owner: admin
--

CREATE INDEX django_cele_date_do_caae0e_idx ON public.django_celery_results_groupresult USING btree (date_done);


--
-- Name: django_cele_date_do_f59aad_idx; Type: INDEX; Schema: public; Owner: admin
--

CREATE INDEX django_cele_date_do_f59aad_idx ON public.django_celery_results_taskresult USING btree (date_done);


--
-- Name: django_cele_status_9b6201_idx; Type: INDEX; Schema: public; Owner: admin
--

CREATE INDEX django_cele_status_9b6201_idx ON public.django_celery_results_taskresult USING btree (status);


--
-- Name: django_cele_task_na_08aec9_idx; Type: INDEX; Schema: public; Owner: admin
--

CREATE INDEX django_cele_task_na_08aec9_idx ON public.django_celery_results_taskresult USING btree (task_name);


--
-- Name: django_cele_worker_d54dd8_idx; Type: INDEX; Schema: public; Owner: admin
--

CREATE INDEX django_cele_worker_d54dd8_idx ON public.django_celery_results_taskresult USING btree (worker);


--
-- Name: django_celery_beat_periodictask_clocked_id_47a69f82; Type: INDEX; Schema: public; Owner: admin
--

CREATE INDEX django_celery_beat_periodictask_clocked_id_47a69f82 ON public.django_celery_beat_periodictask USING btree (clocked_id);


--
-- Name: django_celery_beat_periodictask_crontab_id_d3cba168; Type: INDEX; Schema: public; Owner: admin
--

CREATE INDEX django_celery_beat_periodictask_crontab_id_d3cba168 ON public.django_celery_beat_periodictask USING btree (crontab_id);


--
-- Name: django_celery_beat_periodictask_interval_id_a8ca27da; Type: INDEX; Schema: public; Owner: admin
--

CREATE INDEX django_celery_beat_periodictask_interval_id_a8ca27da ON public.django_celery_beat_periodictask USING btree (interval_id);


--
-- Name: django_celery_beat_periodictask_name_265a36b7_like; Type: INDEX; Schema: public; Owner: admin
--

CREATE INDEX django_celery_beat_periodictask_name_265a36b7_like ON public.django_celery_beat_periodictask USING btree (name varchar_pattern_ops);


--
-- Name: django_celery_beat_periodictask_solar_id_a87ce72c; Type: INDEX; Schema: public; Owner: admin
--

CREATE INDEX django_celery_beat_periodictask_solar_id_a87ce72c ON public.django_celery_beat_periodictask USING btree (solar_id);


--
-- Name: django_celery_results_chordcounter_group_id_1f70858c_like; Type: INDEX; Schema: public; Owner: admin
--

CREATE INDEX django_celery_results_chordcounter_group_id_1f70858c_like ON public.django_celery_results_chordcounter USING btree (group_id varchar_pattern_ops);


--
-- Name: django_celery_results_groupresult_group_id_a085f1a9_like; Type: INDEX; Schema: public; Owner: admin
--

CREATE INDEX django_celery_results_groupresult_group_id_a085f1a9_like ON public.django_celery_results_groupresult USING btree (group_id varchar_pattern_ops);


--
-- Name: django_celery_results_taskresult_task_id_de0d95bf_like; Type: INDEX; Schema: public; Owner: admin
--

CREATE INDEX django_celery_results_taskresult_task_id_de0d95bf_like ON public.django_celery_results_taskresult USING btree (task_id varchar_pattern_ops);


--
-- Name: django_session_expire_date_a5c62663; Type: INDEX; Schema: public; Owner: admin
--

CREATE INDEX django_session_expire_date_a5c62663 ON public.django_session USING btree (expire_date);


--
-- Name: django_session_session_key_c0390e0f_like; Type: INDEX; Schema: public; Owner: admin
--

CREATE INDEX django_session_session_key_c0390e0f_like ON public.django_session USING btree (session_key varchar_pattern_ops);


--
-- Name: models_only_aquacrop_output_field_id_id_16eaac5c; Type: INDEX; Schema: public; Owner: admin
--

CREATE INDEX models_only_aquacrop_output_field_id_id_16eaac5c ON public.models_only_aquacrop_output USING btree (field_id_id);


--
-- Name: models_only_crop_field_id_id_ae09417c; Type: INDEX; Schema: public; Owner: admin
--

CREATE INDEX models_only_crop_field_id_id_ae09417c ON public.models_only_crop USING btree (field_id_id);


--
-- Name: models_only_drone_field_id_id_7d7a353a; Type: INDEX; Schema: public; Owner: admin
--

CREATE INDEX models_only_drone_field_id_id_7d7a353a ON public.models_only_drone USING btree (field_id_id);


--
-- Name: models_only_fao_output_field_id_169b81c9; Type: INDEX; Schema: public; Owner: admin
--

CREATE INDEX models_only_fao_output_field_id_169b81c9 ON public.models_only_fao_output USING btree (field_id);


--
-- Name: models_only_farmer_email_fe3ca5f3_like; Type: INDEX; Schema: public; Owner: admin
--

CREATE INDEX models_only_farmer_email_fe3ca5f3_like ON public.models_only_farmer USING btree (email varchar_pattern_ops);


--
-- Name: models_only_field_boundaries_e31ea8a1_id; Type: INDEX; Schema: public; Owner: admin
--

CREATE INDEX models_only_field_boundaries_e31ea8a1_id ON public.models_only_field USING gist (boundaries);


--
-- Name: models_only_field_user_id_id_72189ddc; Type: INDEX; Schema: public; Owner: admin
--

CREATE INDEX models_only_field_user_id_id_72189ddc ON public.models_only_field USING btree (user_id_id);


--
-- Name: models_only_forcast_weather_date_Field_id_id_e68833f3; Type: INDEX; Schema: public; Owner: admin
--

CREATE INDEX "models_only_forcast_weather_date_Field_id_id_e68833f3" ON public.models_only_forcast_weather_date USING btree ("Field_id_id");


--
-- Name: models_only_irrigation_amount_irrigation_system_id_id_7b864f7c; Type: INDEX; Schema: public; Owner: admin
--

CREATE INDEX models_only_irrigation_amount_irrigation_system_id_id_7b864f7c ON public.models_only_irrigation_amount USING btree (irrigation_system_id_id);


--
-- Name: models_only_irrigation_system_field_id_id_6b759e9b; Type: INDEX; Schema: public; Owner: admin
--

CREATE INDEX models_only_irrigation_system_field_id_id_6b759e9b ON public.models_only_irrigation_system USING btree (field_id_id);


--
-- Name: models_only_lidar_field_id_id_af109080; Type: INDEX; Schema: public; Owner: admin
--

CREATE INDEX models_only_lidar_field_id_id_af109080 ON public.models_only_lidar USING btree (field_id_id);


--
-- Name: models_only_maitenance_dates_irrigation_system_id_id_5a1eb17f; Type: INDEX; Schema: public; Owner: admin
--

CREATE INDEX models_only_maitenance_dates_irrigation_system_id_id_5a1eb17f ON public.models_only_maitenance_dates USING btree (irrigation_system_id_id);


--
-- Name: models_only_policymaker_email_df77fcb9_like; Type: INDEX; Schema: public; Owner: admin
--

CREATE INDEX models_only_policymaker_email_df77fcb9_like ON public.models_only_policymaker USING btree (email varchar_pattern_ops);


--
-- Name: models_only_remote_sensing_field_id_id_0a523bd3; Type: INDEX; Schema: public; Owner: admin
--

CREATE INDEX models_only_remote_sensing_field_id_id_0a523bd3 ON public.models_only_remote_sensing USING btree (field_id_id);


--
-- Name: models_only_searcher_email_bf5272b9_like; Type: INDEX; Schema: public; Owner: admin
--

CREATE INDEX models_only_searcher_email_bf5272b9_like ON public.models_only_searcher USING btree (email varchar_pattern_ops);


--
-- Name: models_only_soil_analysis_soil_id_id_49cbcca2; Type: INDEX; Schema: public; Owner: admin
--

CREATE INDEX models_only_soil_analysis_soil_id_id_49cbcca2 ON public.models_only_soil_analysis USING btree (soil_id_id);


--
-- Name: models_only_soil_field_id_id_3713c823; Type: INDEX; Schema: public; Owner: admin
--

CREATE INDEX models_only_soil_field_id_id_3713c823 ON public.models_only_soil USING btree (field_id_id);


--
-- Name: models_only_station_field_id_id_522078dd; Type: INDEX; Schema: public; Owner: admin
--

CREATE INDEX models_only_station_field_id_id_522078dd ON public.models_only_station USING btree (field_id_id);


--
-- Name: models_only_weather_date_Field_id_id_132f3342; Type: INDEX; Schema: public; Owner: admin
--

CREATE INDEX "models_only_weather_date_Field_id_id_132f3342" ON public.models_only_weather_date USING btree ("Field_id_id");


--
-- Name: auth_group_permissions auth_group_permissio_permission_id_84c5c92e_fk_auth_perm; Type: FK CONSTRAINT; Schema: public; Owner: admin
--

ALTER TABLE ONLY public.auth_group_permissions
    ADD CONSTRAINT auth_group_permissio_permission_id_84c5c92e_fk_auth_perm FOREIGN KEY (permission_id) REFERENCES public.auth_permission(id) DEFERRABLE INITIALLY DEFERRED;


--
-- Name: auth_group_permissions auth_group_permissions_group_id_b120cbf9_fk_auth_group_id; Type: FK CONSTRAINT; Schema: public; Owner: admin
--

ALTER TABLE ONLY public.auth_group_permissions
    ADD CONSTRAINT auth_group_permissions_group_id_b120cbf9_fk_auth_group_id FOREIGN KEY (group_id) REFERENCES public.auth_group(id) DEFERRABLE INITIALLY DEFERRED;


--
-- Name: auth_permission auth_permission_content_type_id_2f476e4b_fk_django_co; Type: FK CONSTRAINT; Schema: public; Owner: admin
--

ALTER TABLE ONLY public.auth_permission
    ADD CONSTRAINT auth_permission_content_type_id_2f476e4b_fk_django_co FOREIGN KEY (content_type_id) REFERENCES public.django_content_type(id) DEFERRABLE INITIALLY DEFERRED;


--
-- Name: auth_user_groups auth_user_groups_group_id_97559544_fk_auth_group_id; Type: FK CONSTRAINT; Schema: public; Owner: admin
--

ALTER TABLE ONLY public.auth_user_groups
    ADD CONSTRAINT auth_user_groups_group_id_97559544_fk_auth_group_id FOREIGN KEY (group_id) REFERENCES public.auth_group(id) DEFERRABLE INITIALLY DEFERRED;


--
-- Name: auth_user_groups auth_user_groups_user_id_6a12ed8b_fk_auth_user_id; Type: FK CONSTRAINT; Schema: public; Owner: admin
--

ALTER TABLE ONLY public.auth_user_groups
    ADD CONSTRAINT auth_user_groups_user_id_6a12ed8b_fk_auth_user_id FOREIGN KEY (user_id) REFERENCES public.auth_user(id) DEFERRABLE INITIALLY DEFERRED;


--
-- Name: auth_user_user_permissions auth_user_user_permi_permission_id_1fbb5f2c_fk_auth_perm; Type: FK CONSTRAINT; Schema: public; Owner: admin
--

ALTER TABLE ONLY public.auth_user_user_permissions
    ADD CONSTRAINT auth_user_user_permi_permission_id_1fbb5f2c_fk_auth_perm FOREIGN KEY (permission_id) REFERENCES public.auth_permission(id) DEFERRABLE INITIALLY DEFERRED;


--
-- Name: auth_user_user_permissions auth_user_user_permissions_user_id_a95ead1b_fk_auth_user_id; Type: FK CONSTRAINT; Schema: public; Owner: admin
--

ALTER TABLE ONLY public.auth_user_user_permissions
    ADD CONSTRAINT auth_user_user_permissions_user_id_a95ead1b_fk_auth_user_id FOREIGN KEY (user_id) REFERENCES public.auth_user(id) DEFERRABLE INITIALLY DEFERRED;


--
-- Name: django_admin_log django_admin_log_content_type_id_c4bce8eb_fk_django_co; Type: FK CONSTRAINT; Schema: public; Owner: admin
--

ALTER TABLE ONLY public.django_admin_log
    ADD CONSTRAINT django_admin_log_content_type_id_c4bce8eb_fk_django_co FOREIGN KEY (content_type_id) REFERENCES public.django_content_type(id) DEFERRABLE INITIALLY DEFERRED;


--
-- Name: django_admin_log django_admin_log_user_id_c564eba6_fk_auth_user_id; Type: FK CONSTRAINT; Schema: public; Owner: admin
--

ALTER TABLE ONLY public.django_admin_log
    ADD CONSTRAINT django_admin_log_user_id_c564eba6_fk_auth_user_id FOREIGN KEY (user_id) REFERENCES public.auth_user(id) DEFERRABLE INITIALLY DEFERRED;


--
-- Name: django_celery_beat_periodictask django_celery_beat_p_clocked_id_47a69f82_fk_django_ce; Type: FK CONSTRAINT; Schema: public; Owner: admin
--

ALTER TABLE ONLY public.django_celery_beat_periodictask
    ADD CONSTRAINT django_celery_beat_p_clocked_id_47a69f82_fk_django_ce FOREIGN KEY (clocked_id) REFERENCES public.django_celery_beat_clockedschedule(id) DEFERRABLE INITIALLY DEFERRED;


--
-- Name: django_celery_beat_periodictask django_celery_beat_p_crontab_id_d3cba168_fk_django_ce; Type: FK CONSTRAINT; Schema: public; Owner: admin
--

ALTER TABLE ONLY public.django_celery_beat_periodictask
    ADD CONSTRAINT django_celery_beat_p_crontab_id_d3cba168_fk_django_ce FOREIGN KEY (crontab_id) REFERENCES public.django_celery_beat_crontabschedule(id) DEFERRABLE INITIALLY DEFERRED;


--
-- Name: django_celery_beat_periodictask django_celery_beat_p_interval_id_a8ca27da_fk_django_ce; Type: FK CONSTRAINT; Schema: public; Owner: admin
--

ALTER TABLE ONLY public.django_celery_beat_periodictask
    ADD CONSTRAINT django_celery_beat_p_interval_id_a8ca27da_fk_django_ce FOREIGN KEY (interval_id) REFERENCES public.django_celery_beat_intervalschedule(id) DEFERRABLE INITIALLY DEFERRED;


--
-- Name: django_celery_beat_periodictask django_celery_beat_p_solar_id_a87ce72c_fk_django_ce; Type: FK CONSTRAINT; Schema: public; Owner: admin
--

ALTER TABLE ONLY public.django_celery_beat_periodictask
    ADD CONSTRAINT django_celery_beat_p_solar_id_a87ce72c_fk_django_ce FOREIGN KEY (solar_id) REFERENCES public.django_celery_beat_solarschedule(id) DEFERRABLE INITIALLY DEFERRED;


--
-- Name: models_only_aquacrop_output models_only_aquacrop_field_id_id_16eaac5c_fk_models_on; Type: FK CONSTRAINT; Schema: public; Owner: admin
--

ALTER TABLE ONLY public.models_only_aquacrop_output
    ADD CONSTRAINT models_only_aquacrop_field_id_id_16eaac5c_fk_models_on FOREIGN KEY (field_id_id) REFERENCES public.models_only_field(id) DEFERRABLE INITIALLY DEFERRED;


--
-- Name: models_only_crop models_only_crop_field_id_id_ae09417c_fk_models_only_field_id; Type: FK CONSTRAINT; Schema: public; Owner: admin
--

ALTER TABLE ONLY public.models_only_crop
    ADD CONSTRAINT models_only_crop_field_id_id_ae09417c_fk_models_only_field_id FOREIGN KEY (field_id_id) REFERENCES public.models_only_field(id) DEFERRABLE INITIALLY DEFERRED;


--
-- Name: models_only_drip_irrigation models_only_drip_irr_irrigation_system_pt_9541e287_fk_models_on; Type: FK CONSTRAINT; Schema: public; Owner: admin
--

ALTER TABLE ONLY public.models_only_drip_irrigation
    ADD CONSTRAINT models_only_drip_irr_irrigation_system_pt_9541e287_fk_models_on FOREIGN KEY (irrigation_system_ptr_id) REFERENCES public.models_only_irrigation_system(id) DEFERRABLE INITIALLY DEFERRED;


--
-- Name: models_only_drone models_only_drone_field_id_id_7d7a353a_fk_models_only_field_id; Type: FK CONSTRAINT; Schema: public; Owner: admin
--

ALTER TABLE ONLY public.models_only_drone
    ADD CONSTRAINT models_only_drone_field_id_id_7d7a353a_fk_models_only_field_id FOREIGN KEY (field_id_id) REFERENCES public.models_only_field(id) DEFERRABLE INITIALLY DEFERRED;


--
-- Name: models_only_fao_output models_only_fao_outp_field_id_169b81c9_fk_models_on; Type: FK CONSTRAINT; Schema: public; Owner: admin
--

ALTER TABLE ONLY public.models_only_fao_output
    ADD CONSTRAINT models_only_fao_outp_field_id_169b81c9_fk_models_on FOREIGN KEY (field_id) REFERENCES public.models_only_field(id) DEFERRABLE INITIALLY DEFERRED;


--
-- Name: models_only_field models_only_field_user_id_id_72189ddc_fk_models_only_farmer_id; Type: FK CONSTRAINT; Schema: public; Owner: admin
--

ALTER TABLE ONLY public.models_only_field
    ADD CONSTRAINT models_only_field_user_id_id_72189ddc_fk_models_only_farmer_id FOREIGN KEY (user_id_id) REFERENCES public.models_only_farmer(id) DEFERRABLE INITIALLY DEFERRED;


--
-- Name: models_only_forcast_weather_date models_only_forcast__Field_id_id_e68833f3_fk_models_on; Type: FK CONSTRAINT; Schema: public; Owner: admin
--

ALTER TABLE ONLY public.models_only_forcast_weather_date
    ADD CONSTRAINT "models_only_forcast__Field_id_id_e68833f3_fk_models_on" FOREIGN KEY ("Field_id_id") REFERENCES public.models_only_field(id) DEFERRABLE INITIALLY DEFERRED;


--
-- Name: models_only_irrigation_system models_only_irrigati_field_id_id_6b759e9b_fk_models_on; Type: FK CONSTRAINT; Schema: public; Owner: admin
--

ALTER TABLE ONLY public.models_only_irrigation_system
    ADD CONSTRAINT models_only_irrigati_field_id_id_6b759e9b_fk_models_on FOREIGN KEY (field_id_id) REFERENCES public.models_only_field(id) DEFERRABLE INITIALLY DEFERRED;


--
-- Name: models_only_irrigation_amount models_only_irrigati_irrigation_system_id_7b864f7c_fk_models_on; Type: FK CONSTRAINT; Schema: public; Owner: admin
--

ALTER TABLE ONLY public.models_only_irrigation_amount
    ADD CONSTRAINT models_only_irrigati_irrigation_system_id_7b864f7c_fk_models_on FOREIGN KEY (irrigation_system_id_id) REFERENCES public.models_only_irrigation_system(id) DEFERRABLE INITIALLY DEFERRED;


--
-- Name: models_only_lidar models_only_lidar_field_id_id_af109080_fk_models_only_field_id; Type: FK CONSTRAINT; Schema: public; Owner: admin
--

ALTER TABLE ONLY public.models_only_lidar
    ADD CONSTRAINT models_only_lidar_field_id_id_af109080_fk_models_only_field_id FOREIGN KEY (field_id_id) REFERENCES public.models_only_field(id) DEFERRABLE INITIALLY DEFERRED;


--
-- Name: models_only_maitenance_dates models_only_maitenan_irrigation_system_id_5a1eb17f_fk_models_on; Type: FK CONSTRAINT; Schema: public; Owner: admin
--

ALTER TABLE ONLY public.models_only_maitenance_dates
    ADD CONSTRAINT models_only_maitenan_irrigation_system_id_5a1eb17f_fk_models_on FOREIGN KEY (irrigation_system_id_id) REFERENCES public.models_only_irrigation_system(id) DEFERRABLE INITIALLY DEFERRED;


--
-- Name: models_only_remote_sensing models_only_remote_s_field_id_id_0a523bd3_fk_models_on; Type: FK CONSTRAINT; Schema: public; Owner: admin
--

ALTER TABLE ONLY public.models_only_remote_sensing
    ADD CONSTRAINT models_only_remote_s_field_id_id_0a523bd3_fk_models_on FOREIGN KEY (field_id_id) REFERENCES public.models_only_field(id) DEFERRABLE INITIALLY DEFERRED;


--
-- Name: models_only_soil_analysis models_only_soil_ana_soil_id_id_49cbcca2_fk_models_on; Type: FK CONSTRAINT; Schema: public; Owner: admin
--

ALTER TABLE ONLY public.models_only_soil_analysis
    ADD CONSTRAINT models_only_soil_ana_soil_id_id_49cbcca2_fk_models_on FOREIGN KEY (soil_id_id) REFERENCES public.models_only_soil(id) DEFERRABLE INITIALLY DEFERRED;


--
-- Name: models_only_soil models_only_soil_field_id_id_3713c823_fk_models_only_field_id; Type: FK CONSTRAINT; Schema: public; Owner: admin
--

ALTER TABLE ONLY public.models_only_soil
    ADD CONSTRAINT models_only_soil_field_id_id_3713c823_fk_models_only_field_id FOREIGN KEY (field_id_id) REFERENCES public.models_only_field(id) DEFERRABLE INITIALLY DEFERRED;


--
-- Name: models_only_sprinkler_irrigation models_only_sprinkle_irrigation_system_pt_be609adf_fk_models_on; Type: FK CONSTRAINT; Schema: public; Owner: admin
--

ALTER TABLE ONLY public.models_only_sprinkler_irrigation
    ADD CONSTRAINT models_only_sprinkle_irrigation_system_pt_be609adf_fk_models_on FOREIGN KEY (irrigation_system_ptr_id) REFERENCES public.models_only_irrigation_system(id) DEFERRABLE INITIALLY DEFERRED;


--
-- Name: models_only_station models_only_station_field_id_id_522078dd_fk_models_on; Type: FK CONSTRAINT; Schema: public; Owner: admin
--

ALTER TABLE ONLY public.models_only_station
    ADD CONSTRAINT models_only_station_field_id_id_522078dd_fk_models_on FOREIGN KEY (field_id_id) REFERENCES public.models_only_field(id) DEFERRABLE INITIALLY DEFERRED;


--
-- Name: models_only_surface_irrigation models_only_surface__irrigation_system_pt_815e08cd_fk_models_on; Type: FK CONSTRAINT; Schema: public; Owner: admin
--

ALTER TABLE ONLY public.models_only_surface_irrigation
    ADD CONSTRAINT models_only_surface__irrigation_system_pt_815e08cd_fk_models_on FOREIGN KEY (irrigation_system_ptr_id) REFERENCES public.models_only_irrigation_system(id) DEFERRABLE INITIALLY DEFERRED;


--
-- Name: models_only_weather_date models_only_weather__Field_id_id_132f3342_fk_models_on; Type: FK CONSTRAINT; Schema: public; Owner: admin
--

ALTER TABLE ONLY public.models_only_weather_date
    ADD CONSTRAINT "models_only_weather__Field_id_id_132f3342_fk_models_on" FOREIGN KEY ("Field_id_id") REFERENCES public.models_only_field(id) DEFERRABLE INITIALLY DEFERRED;


--
-- PostgreSQL database dump complete
--

