<metadata xml:lang="fr"><Esri><CreaDate>20131108</CreaDate><CreaTime>09144400</CreaTime><ArcGISFormat>1.0</ArcGISFormat><SyncOnce>FALSE</SyncOnce><DataProperties><itemProps><itemName Sync="TRUE">SousBassinsHydrauliques</itemName><imsContentType Sync="TRUE">002</imsContentType><itemSize Sync="TRUE">0.000</itemSize><itemLocation><linkage Sync="TRUE">file://\\vmware-host\Shared Folders\HammaniAli sur mon Mac\Documents1\Apps Develop\HydroSolTA\PAFWaM\bin\Debug\Maroc\SHP\tmp\SousBassinsHydrauliques.shp</linkage><protocol Sync="TRUE">Local Area Network</protocol></itemLocation></itemProps><coordRef><type Sync="TRUE">Geographic</type><geogcsn Sync="TRUE">GCS_Merchich_Degree</geogcsn><peXml Sync="TRUE">&lt;GeographicCoordinateSystem xsi:type='typens:GeographicCoordinateSystem' xmlns:xsi='http://www.w3.org/2001/XMLSchema-instance' xmlns:xs='http://www.w3.org/2001/XMLSchema' xmlns:typens='http://www.esri.com/schemas/ArcGIS/10.0'&gt;&lt;WKT&gt;GEOGCS[&amp;quot;GCS_Merchich_Degree&amp;quot;,DATUM[&amp;quot;D_Merchich&amp;quot;,SPHEROID[&amp;quot;Clarke_1880_IGN&amp;quot;,6378249.2,293.46602]],PRIMEM[&amp;quot;Greenwich&amp;quot;,0.0],UNIT[&amp;quot;Degree&amp;quot;,0.0174532925199433],AUTHORITY[&amp;quot;ESRI&amp;quot;,104261]]&lt;/WKT&gt;&lt;XOrigin&gt;-399.99999999999989&lt;/XOrigin&gt;&lt;YOrigin&gt;-399.99999999999989&lt;/YOrigin&gt;&lt;XYScale&gt;11258999068426.24&lt;/XYScale&gt;&lt;ZOrigin&gt;-100000&lt;/ZOrigin&gt;&lt;ZScale&gt;10000&lt;/ZScale&gt;&lt;MOrigin&gt;-100000&lt;/MOrigin&gt;&lt;MScale&gt;10000&lt;/MScale&gt;&lt;XYTolerance&gt;8.9829948182460956e-009&lt;/XYTolerance&gt;&lt;ZTolerance&gt;0.001&lt;/ZTolerance&gt;&lt;MTolerance&gt;0.001&lt;/MTolerance&gt;&lt;HighPrecision&gt;true&lt;/HighPrecision&gt;&lt;LeftLongitude&gt;-180&lt;/LeftLongitude&gt;&lt;WKID&gt;104261&lt;/WKID&gt;&lt;/GeographicCoordinateSystem&gt;</peXml></coordRef><lineage><Process ToolSource="C:\Program Files\ArcGIS\Desktop10.0\ArcToolbox\Toolboxes\Conversion Tools.tbx\FeatureClassToFeatureClass" Date="20131108" Time="091444">FeatureClassToFeatureClass "Z:\HammaniAli sur mon Mac\Documents1\Apps Develop\HydroSolTA\PAFWaM\bin\Debug\Maroc\BDIrrigation.mdb\RE_RessourceEau\RE_SousBassin" "Z:\HammaniAli sur mon Mac\Documents1\Apps Develop\HydroSolTA\PAFWaM\bin\Debug\Maroc" SousBassinsHydrauliques.shp # "Code "Code" true true false 2 Short 0 0 ,First,#,Z:\HammaniAli sur mon Mac\Documents1\Apps Develop\HydroSolTA\PAFWaM\bin\Debug\Maroc\BDIrrigation.mdb\RE_RessourceEau\RE_SousBassin,Code,-1,-1;SousBassin "SousBassin" true true false 50 Text 0 0 ,First,#,Z:\HammaniAli sur mon Mac\Documents1\Apps Develop\HydroSolTA\PAFWaM\bin\Debug\Maroc\BDIrrigation.mdb\RE_RessourceEau\RE_SousBassin,SousBassin,-1,-1;Bassin "Bassin" true true false 255 Text 0 0 ,First,#,Z:\HammaniAli sur mon Mac\Documents1\Apps Develop\HydroSolTA\PAFWaM\bin\Debug\Maroc\BDIrrigation.mdb\RE_RessourceEau\RE_SousBassin,Bassin,-1,-1;Superficie "Superficie" true true false 4 Long 0 0 ,First,#,Z:\HammaniAli sur mon Mac\Documents1\Apps Develop\HydroSolTA\PAFWaM\bin\Debug\Maroc\BDIrrigation.mdb\RE_RessourceEau\RE_SousBassin,Superficie,-1,-1" #</Process><Process ToolSource="C:\Program Files\ArcGIS\Desktop10.0\ArcToolbox\Toolboxes\Data Management Tools.tbx\CopyFeatures" Date="20140124" Time="082850">CopyFeatures "Z:\HammaniAli sur mon Mac\Documents1\Apps Develop\HydroSolTA\PAFWaM\bin\Debug\Maroc\SousBassinsHydrauliques.shp" "Z:\HammaniAli sur mon Mac\Documents1\Apps Develop\HydroSolTA\PAFWaM\bin\Debug\Maroc\SHP\BDMaroc.mdb\SousBassinsHydrauliques" # 0 0 0</Process><Process ToolSource="C:\Program Files\ArcGIS\Desktop10.0\ArcToolbox\Toolboxes\Conversion Tools.tbx\FeatureClassToFeatureClass" Date="20140124" Time="104620">FeatureClassToFeatureClass "Z:\HammaniAli sur mon Mac\Documents1\Apps Develop\HydroSolTA\PAFWaM\bin\Debug\Maroc\SHP\BDMaroc.mdb\SousBassinsHydrauliques" "Z:\HammaniAli sur mon Mac\Documents1\Apps Develop\HydroSolTA\PAFWaM\bin\Debug\Maroc\SHP\tmp" SousBassinsHydrauliques.shp # "Code "Code" true true false 2 Short 0 0 ,First,#,Z:\HammaniAli sur mon Mac\Documents1\Apps Develop\HydroSolTA\PAFWaM\bin\Debug\Maroc\SHP\BDMaroc.mdb\SousBassinsHydrauliques,Code,-1,-1;SousBassin "SousBassin" true true false 50 Text 0 0 ,First,#,Z:\HammaniAli sur mon Mac\Documents1\Apps Develop\HydroSolTA\PAFWaM\bin\Debug\Maroc\SHP\BDMaroc.mdb\SousBassinsHydrauliques,SousBassin,-1,-1;Bassin "Bassin" true true false 254 Text 0 0 ,First,#,Z:\HammaniAli sur mon Mac\Documents1\Apps Develop\HydroSolTA\PAFWaM\bin\Debug\Maroc\SHP\BDMaroc.mdb\SousBassinsHydrauliques,Bassin,-1,-1;Shape_Leng "Shape_Length" false true true 8 Double 0 0 ,First,#,Z:\HammaniAli sur mon Mac\Documents1\Apps Develop\HydroSolTA\PAFWaM\bin\Debug\Maroc\SHP\BDMaroc.mdb\SousBassinsHydrauliques,Shape_Length,-1,-1;Shape_Area "Shape_Area" false true true 8 Double 0 0 ,First,#,Z:\HammaniAli sur mon Mac\Documents1\Apps Develop\HydroSolTA\PAFWaM\bin\Debug\Maroc\SHP\BDMaroc.mdb\SousBassinsHydrauliques,Shape_Area,-1,-1" #</Process></lineage></DataProperties><SyncDate>20140124</SyncDate><SyncTime>10462000</SyncTime><ModDate>20140124</ModDate><ModTime>10462000</ModTime></Esri><dataIdInfo><envirDesc Sync="TRUE">Microsoft Windows Server 2008 R2 Version 6.1 (Build 7601) Service Pack 1; ESRI ArcGIS 10.0.0.2414</envirDesc><dataLang><languageCode value="fra" country="FRA"></languageCode></dataLang><idCitation><resTitle Sync="TRUE">SousBassinsHydrauliques</resTitle><presForm><PresFormCd value="005"></PresFormCd></presForm></idCitation><descKeys><thesaName uuidref="723f6998-058e-11dc-8314-0800200c9a66"></thesaName><keyword Sync="TRUE">002</keyword></descKeys><spatRpType><SpatRepTypCd value="001"></SpatRepTypCd></spatRpType></dataIdInfo><mdLang><languageCode value="fra"></languageCode></mdLang><mdChar><CharSetCd value="004"></CharSetCd></mdChar><distInfo><distFormat><formatName Sync="TRUE">Shapefile</formatName></distFormat><distTranOps><transSize Sync="TRUE">0.000</transSize></distTranOps></distInfo><mdHrLv><ScopeCd value="005"></ScopeCd></mdHrLv><mdHrLvName Sync="TRUE">dataset</mdHrLvName><refSysInfo><RefSystem><refSysID><identCode code="104261"></identCode><idCodeSpace Sync="TRUE">ESRI</idCodeSpace><idVersion Sync="TRUE">10.0.0</idVersion></refSysID></RefSystem></refSysInfo><spdoinfo><ptvctinf><esriterm Name="SousBassinsHydrauliques"><efeatyp Sync="TRUE">Simple</efeatyp><efeageom Sync="TRUE">4</efeageom><esritopo Sync="TRUE">FALSE</esritopo><efeacnt Sync="TRUE">0</efeacnt><spindex Sync="TRUE">FALSE</spindex><linrefer Sync="TRUE">FALSE</linrefer></esriterm></ptvctinf></spdoinfo><spatRepInfo><VectSpatRep><topLvl><TopoLevCd value="001"></TopoLevCd></topLvl><geometObjs><geoObjTyp><GeoObjTypCd value="002"></GeoObjTypCd><geoObjCnt Sync="TRUE">0</geoObjCnt></geoObjTyp></geometObjs></VectSpatRep></spatRepInfo><eainfo><detailed Name="SousBassinsHydrauliques"><enttyp><enttypl Sync="TRUE">SousBassinsHydrauliques</enttypl><enttypt Sync="TRUE">Feature Class</enttypt><enttypc Sync="TRUE">0</enttypc></enttyp><attr><attrlabl Sync="TRUE">FID</attrlabl><attalias Sync="TRUE">FID</attalias><attrtype Sync="TRUE">OID</attrtype><attwidth Sync="TRUE">4</attwidth><atprecis Sync="TRUE">0</atprecis><attscale Sync="TRUE">0</attscale><attrdef Sync="TRUE">Internal feature number.</attrdef><attrdefs Sync="TRUE">ESRI</attrdefs><attrdomv><udom Sync="TRUE">Sequential unique whole numbers that are automatically generated.</udom></attrdomv></attr><attr><attrlabl Sync="TRUE">Shape</attrlabl><attalias Sync="TRUE">Shape</attalias><attrtype Sync="TRUE">Geometry</attrtype><attwidth Sync="TRUE">0</attwidth><atprecis Sync="TRUE">0</atprecis><attscale Sync="TRUE">0</attscale><attrdef Sync="TRUE">Feature geometry.</attrdef><attrdefs Sync="TRUE">ESRI</attrdefs><attrdomv><udom Sync="TRUE">Coordinates defining the features.</udom></attrdomv></attr><attr><attrlabl Sync="TRUE">Code</attrlabl><attalias Sync="TRUE">Code</attalias><attrtype Sync="TRUE">SmallInteger</attrtype><attwidth Sync="TRUE">4</attwidth><atprecis Sync="TRUE">4</atprecis><attscale Sync="TRUE">0</attscale></attr><attr><attrlabl Sync="TRUE">SousBassin</attrlabl><attalias Sync="TRUE">SousBassin</attalias><attrtype Sync="TRUE">String</attrtype><attwidth Sync="TRUE">50</attwidth><atprecis Sync="TRUE">0</atprecis><attscale Sync="TRUE">0</attscale></attr><attr><attrlabl Sync="TRUE">Bassin</attrlabl><attalias Sync="TRUE">Bassin</attalias><attrtype Sync="TRUE">String</attrtype><attwidth Sync="TRUE">254</attwidth><atprecis Sync="TRUE">0</atprecis><attscale Sync="TRUE">0</attscale></attr><attr><attrlabl Sync="TRUE">Shape_Leng</attrlabl><attalias Sync="TRUE">Shape_Leng</attalias><attrtype Sync="TRUE">Double</attrtype><attwidth Sync="TRUE">19</attwidth><atprecis Sync="TRUE">0</atprecis><attscale Sync="TRUE">0</attscale></attr><attr><attrlabl Sync="TRUE">Shape_Area</attrlabl><attalias Sync="TRUE">Shape_Area</attalias><attrtype Sync="TRUE">Double</attrtype><attwidth Sync="TRUE">19</attwidth><atprecis Sync="TRUE">0</atprecis><attscale Sync="TRUE">0</attscale><attrdef Sync="TRUE">Area of feature in internal units squared.</attrdef><attrdefs Sync="TRUE">ESRI</attrdefs><attrdomv><udom Sync="TRUE">Positive real numbers that are automatically generated.</udom></attrdomv></attr></detailed></eainfo><mdDateSt Sync="TRUE">20140124</mdDateSt></metadata>
