--
-- PostgreSQL database dump
--

-- Dumped from database version 16.3 (Debian 16.3-1.pgdg110+1)
-- Dumped by pg_dump version 16.3 (Debian 16.3-1.pgdg110+1)

SET statement_timeout = 0;
SET lock_timeout = 0;
SET idle_in_transaction_session_timeout = 0;
SET client_encoding = 'UTF8';
SET standard_conforming_strings = on;
SELECT pg_catalog.set_config('search_path', '', false);
SET check_function_bodies = false;
SET xmloption = content;
SET client_min_messages = warning;
SET row_security = off;

--
-- Name: tiger; Type: SCHEMA; Schema: -; Owner: admin
--

CREATE SCHEMA tiger;


ALTER SCHEMA tiger OWNER TO admin;

--
-- Name: tiger_data; Type: SCHEMA; Schema: -; Owner: admin
--

CREATE SCHEMA tiger_data;


ALTER SCHEMA tiger_data OWNER TO admin;

--
-- Name: topology; Type: SCHEMA; Schema: -; Owner: admin
--

CREATE SCHEMA topology;


ALTER SCHEMA topology OWNER TO admin;

--
-- Name: SCHEMA topology; Type: COMMENT; Schema: -; Owner: admin
--

COMMENT ON SCHEMA topology IS 'PostGIS Topology schema';


--
-- Name: fuzzystrmatch; Type: EXTENSION; Schema: -; Owner: -
--

CREATE EXTENSION IF NOT EXISTS fuzzystrmatch WITH SCHEMA public;


--
-- Name: EXTENSION fuzzystrmatch; Type: COMMENT; Schema: -; Owner: 
--

COMMENT ON EXTENSION fuzzystrmatch IS 'determine similarities and distance between strings';


--
-- Name: postgis; Type: EXTENSION; Schema: -; Owner: -
--

CREATE EXTENSION IF NOT EXISTS postgis WITH SCHEMA public;


--
-- Name: EXTENSION postgis; Type: COMMENT; Schema: -; Owner: 
--

COMMENT ON EXTENSION postgis IS 'PostGIS geometry and geography spatial types and functions';


--
-- Name: postgis_tiger_geocoder; Type: EXTENSION; Schema: -; Owner: -
--

CREATE EXTENSION IF NOT EXISTS postgis_tiger_geocoder WITH SCHEMA tiger;


--
-- Name: EXTENSION postgis_tiger_geocoder; Type: COMMENT; Schema: -; Owner: 
--

COMMENT ON EXTENSION postgis_tiger_geocoder IS 'PostGIS tiger geocoder and reverse geocoder';


--
-- Name: postgis_topology; Type: EXTENSION; Schema: -; Owner: -
--

CREATE EXTENSION IF NOT EXISTS postgis_topology WITH SCHEMA topology;


--
-- Name: EXTENSION postgis_topology; Type: COMMENT; Schema: -; Owner: 
--

COMMENT ON EXTENSION postgis_topology IS 'PostGIS topology spatial types and functions';


SET default_tablespace = '';

SET default_table_access_method = heap;

--
-- Name: auth_group; Type: TABLE; Schema: public; Owner: admin
--

CREATE TABLE public.auth_group (
    id integer NOT NULL,
    name character varying(150) NOT NULL
);


ALTER TABLE public.auth_group OWNER TO admin;

--
-- Name: auth_group_id_seq; Type: SEQUENCE; Schema: public; Owner: admin
--

ALTER TABLE public.auth_group ALTER COLUMN id ADD GENERATED BY DEFAULT AS IDENTITY (
    SEQUENCE NAME public.auth_group_id_seq
    START WITH 1
    INCREMENT BY 1
    NO MINVALUE
    NO MAXVALUE
    CACHE 1
);


--
-- Name: auth_group_permissions; Type: TABLE; Schema: public; Owner: admin
--

CREATE TABLE public.auth_group_permissions (
    id bigint NOT NULL,
    group_id integer NOT NULL,
    permission_id integer NOT NULL
);


ALTER TABLE public.auth_group_permissions OWNER TO admin;

--
-- Name: auth_group_permissions_id_seq; Type: SEQUENCE; Schema: public; Owner: admin
--

ALTER TABLE public.auth_group_permissions ALTER COLUMN id ADD GENERATED BY DEFAULT AS IDENTITY (
    SEQUENCE NAME public.auth_group_permissions_id_seq
    START WITH 1
    INCREMENT BY 1
    NO MINVALUE
    NO MAXVALUE
    CACHE 1
);


--
-- Name: auth_permission; Type: TABLE; Schema: public; Owner: admin
--

CREATE TABLE public.auth_permission (
    id integer NOT NULL,
    name character varying(255) NOT NULL,
    content_type_id integer NOT NULL,
    codename character varying(100) NOT NULL
);


ALTER TABLE public.auth_permission OWNER TO admin;

--
-- Name: auth_permission_id_seq; Type: SEQUENCE; Schema: public; Owner: admin
--

ALTER TABLE public.auth_permission ALTER COLUMN id ADD GENERATED BY DEFAULT AS IDENTITY (
    SEQUENCE NAME public.auth_permission_id_seq
    START WITH 1
    INCREMENT BY 1
    NO MINVALUE
    NO MAXVALUE
    CACHE 1
);


--
-- Name: auth_user; Type: TABLE; Schema: public; Owner: admin
--

CREATE TABLE public.auth_user (
    id integer NOT NULL,
    password character varying(128) NOT NULL,
    last_login timestamp with time zone,
    is_superuser boolean NOT NULL,
    username character varying(150) NOT NULL,
    first_name character varying(150) NOT NULL,
    last_name character varying(150) NOT NULL,
    email character varying(254) NOT NULL,
    is_staff boolean NOT NULL,
    is_active boolean NOT NULL,
    date_joined timestamp with time zone NOT NULL
);


ALTER TABLE public.auth_user OWNER TO admin;

--
-- Name: auth_user_groups; Type: TABLE; Schema: public; Owner: admin
--

CREATE TABLE public.auth_user_groups (
    id bigint NOT NULL,
    user_id integer NOT NULL,
    group_id integer NOT NULL
);


ALTER TABLE public.auth_user_groups OWNER TO admin;

--
-- Name: auth_user_groups_id_seq; Type: SEQUENCE; Schema: public; Owner: admin
--

ALTER TABLE public.auth_user_groups ALTER COLUMN id ADD GENERATED BY DEFAULT AS IDENTITY (
    SEQUENCE NAME public.auth_user_groups_id_seq
    START WITH 1
    INCREMENT BY 1
    NO MINVALUE
    NO MAXVALUE
    CACHE 1
);


--
-- Name: auth_user_id_seq; Type: SEQUENCE; Schema: public; Owner: admin
--

ALTER TABLE public.auth_user ALTER COLUMN id ADD GENERATED BY DEFAULT AS IDENTITY (
    SEQUENCE NAME public.auth_user_id_seq
    START WITH 1
    INCREMENT BY 1
    NO MINVALUE
    NO MAXVALUE
    CACHE 1
);


--
-- Name: auth_user_user_permissions; Type: TABLE; Schema: public; Owner: admin
--

CREATE TABLE public.auth_user_user_permissions (
    id bigint NOT NULL,
    user_id integer NOT NULL,
    permission_id integer NOT NULL
);


ALTER TABLE public.auth_user_user_permissions OWNER TO admin;

--
-- Name: auth_user_user_permissions_id_seq; Type: SEQUENCE; Schema: public; Owner: admin
--

ALTER TABLE public.auth_user_user_permissions ALTER COLUMN id ADD GENERATED BY DEFAULT AS IDENTITY (
    SEQUENCE NAME public.auth_user_user_permissions_id_seq
    START WITH 1
    INCREMENT BY 1
    NO MINVALUE
    NO MAXVALUE
    CACHE 1
);


--
-- Name: django_admin_log; Type: TABLE; Schema: public; Owner: admin
--

CREATE TABLE public.django_admin_log (
    id integer NOT NULL,
    action_time timestamp with time zone NOT NULL,
    object_id text,
    object_repr character varying(200) NOT NULL,
    action_flag smallint NOT NULL,
    change_message text NOT NULL,
    content_type_id integer,
    user_id integer NOT NULL,
    CONSTRAINT django_admin_log_action_flag_check CHECK ((action_flag >= 0))
);


ALTER TABLE public.django_admin_log OWNER TO admin;

--
-- Name: django_admin_log_id_seq; Type: SEQUENCE; Schema: public; Owner: admin
--

ALTER TABLE public.django_admin_log ALTER COLUMN id ADD GENERATED BY DEFAULT AS IDENTITY (
    SEQUENCE NAME public.django_admin_log_id_seq
    START WITH 1
    INCREMENT BY 1
    NO MINVALUE
    NO MAXVALUE
    CACHE 1
);


--
-- Name: django_content_type; Type: TABLE; Schema: public; Owner: admin
--

CREATE TABLE public.django_content_type (
    id integer NOT NULL,
    app_label character varying(100) NOT NULL,
    model character varying(100) NOT NULL
);


ALTER TABLE public.django_content_type OWNER TO admin;

--
-- Name: django_content_type_id_seq; Type: SEQUENCE; Schema: public; Owner: admin
--

ALTER TABLE public.django_content_type ALTER COLUMN id ADD GENERATED BY DEFAULT AS IDENTITY (
    SEQUENCE NAME public.django_content_type_id_seq
    START WITH 1
    INCREMENT BY 1
    NO MINVALUE
    NO MAXVALUE
    CACHE 1
);


--
-- Name: django_migrations; Type: TABLE; Schema: public; Owner: admin
--

CREATE TABLE public.django_migrations (
    id bigint NOT NULL,
    app character varying(255) NOT NULL,
    name character varying(255) NOT NULL,
    applied timestamp with time zone NOT NULL
);


ALTER TABLE public.django_migrations OWNER TO admin;

--
-- Name: django_migrations_id_seq; Type: SEQUENCE; Schema: public; Owner: admin
--

ALTER TABLE public.django_migrations ALTER COLUMN id ADD GENERATED BY DEFAULT AS IDENTITY (
    SEQUENCE NAME public.django_migrations_id_seq
    START WITH 1
    INCREMENT BY 1
    NO MINVALUE
    NO MAXVALUE
    CACHE 1
);


--
-- Name: django_session; Type: TABLE; Schema: public; Owner: admin
--

CREATE TABLE public.django_session (
    session_key character varying(40) NOT NULL,
    session_data text NOT NULL,
    expire_date timestamp with time zone NOT NULL
);


ALTER TABLE public.django_session OWNER TO admin;

--
-- Name: models_only_crop; Type: TABLE; Schema: public; Owner: admin
--

CREATE TABLE public.models_only_crop (
    id bigint NOT NULL,
    type character varying(30) NOT NULL,
    variety character varying(30),
    state character varying(30),
    "Season_id" bigint NOT NULL,
    value character varying(30) NOT NULL
);


ALTER TABLE public.models_only_crop OWNER TO admin;

--
-- Name: models_only_crop_id_seq; Type: SEQUENCE; Schema: public; Owner: admin
--

ALTER TABLE public.models_only_crop ALTER COLUMN id ADD GENERATED BY DEFAULT AS IDENTITY (
    SEQUENCE NAME public.models_only_crop_id_seq
    START WITH 1
    INCREMENT BY 1
    NO MINVALUE
    NO MAXVALUE
    CACHE 1
);


--
-- Name: models_only_drip_irrigation; Type: TABLE; Schema: public; Owner: admin
--

CREATE TABLE public.models_only_drip_irrigation (
    irrigation_system_ptr_id bigint NOT NULL,
    "Tubes_distance" integer,
    drippers_area integer,
    "Drippers_distance" integer
);


ALTER TABLE public.models_only_drip_irrigation OWNER TO admin;

--
-- Name: models_only_drone; Type: TABLE; Schema: public; Owner: admin
--

CREATE TABLE public.models_only_drone (
    id bigint NOT NULL,
    datetime date,
    test character varying(20) NOT NULL,
    field_id_id bigint
);


ALTER TABLE public.models_only_drone OWNER TO admin;

--
-- Name: models_only_drone_id_seq; Type: SEQUENCE; Schema: public; Owner: admin
--

ALTER TABLE public.models_only_drone ALTER COLUMN id ADD GENERATED BY DEFAULT AS IDENTITY (
    SEQUENCE NAME public.models_only_drone_id_seq
    START WITH 1
    INCREMENT BY 1
    NO MINVALUE
    NO MAXVALUE
    CACHE 1
);


--
-- Name: models_only_fao_crop_parametre; Type: TABLE; Schema: public; Owner: admin
--

CREATE TABLE public.models_only_fao_crop_parametre (
    id bigint NOT NULL,
    crop character varying(20) NOT NULL,
    "Kcbini" double precision,
    "Kcbmid" double precision,
    "Kcbend" double precision,
    "Lini" double precision,
    "Ldev" double precision,
    "Lmid" double precision,
    "Lend" double precision,
    "Zrini" double precision NOT NULL,
    zrmax double precision,
    pbase double precision,
    "Ze" double precision NOT NULL
);


ALTER TABLE public.models_only_fao_crop_parametre OWNER TO admin;

--
-- Name: models_only_fao_crop_parametre_id_seq; Type: SEQUENCE; Schema: public; Owner: admin
--

ALTER TABLE public.models_only_fao_crop_parametre ALTER COLUMN id ADD GENERATED BY DEFAULT AS IDENTITY (
    SEQUENCE NAME public.models_only_fao_crop_parametre_id_seq
    START WITH 1
    INCREMENT BY 1
    NO MINVALUE
    NO MAXVALUE
    CACHE 1
);


--
-- Name: models_only_farmer; Type: TABLE; Schema: public; Owner: admin
--

CREATE TABLE public.models_only_farmer (
    id bigint NOT NULL,
    first_name character varying(30),
    last_name character varying(30),
    email character varying(50),
    password character varying(128)
);


ALTER TABLE public.models_only_farmer OWNER TO admin;

--
-- Name: models_only_farmer_id_seq; Type: SEQUENCE; Schema: public; Owner: admin
--

ALTER TABLE public.models_only_farmer ALTER COLUMN id ADD GENERATED BY DEFAULT AS IDENTITY (
    SEQUENCE NAME public.models_only_farmer_id_seq
    START WITH 1
    INCREMENT BY 1
    NO MINVALUE
    NO MAXVALUE
    CACHE 1
);


--
-- Name: models_only_field; Type: TABLE; Schema: public; Owner: admin
--

CREATE TABLE public.models_only_field (
    id bigint NOT NULL,
    name character varying(30) NOT NULL,
    boundaries public.geometry(Polygon,4326) NOT NULL,
    user_id_id bigint NOT NULL
);


ALTER TABLE public.models_only_field OWNER TO admin;

--
-- Name: models_only_field_id_seq; Type: SEQUENCE; Schema: public; Owner: admin
--

ALTER TABLE public.models_only_field ALTER COLUMN id ADD GENERATED BY DEFAULT AS IDENTITY (
    SEQUENCE NAME public.models_only_field_id_seq
    START WITH 1
    INCREMENT BY 1
    NO MINVALUE
    NO MAXVALUE
    CACHE 1
);


--
-- Name: models_only_irrigation_amount; Type: TABLE; Schema: public; Owner: admin
--

CREATE TABLE public.models_only_irrigation_amount (
    id bigint NOT NULL,
    amount integer NOT NULL,
    date date NOT NULL,
    irrigation_system_id_id bigint NOT NULL
);


ALTER TABLE public.models_only_irrigation_amount OWNER TO admin;

--
-- Name: models_only_irrigation_amount_id_seq; Type: SEQUENCE; Schema: public; Owner: admin
--

ALTER TABLE public.models_only_irrigation_amount ALTER COLUMN id ADD GENERATED BY DEFAULT AS IDENTITY (
    SEQUENCE NAME public.models_only_irrigation_amount_id_seq
    START WITH 1
    INCREMENT BY 1
    NO MINVALUE
    NO MAXVALUE
    CACHE 1
);


--
-- Name: models_only_irrigation_system; Type: TABLE; Schema: public; Owner: admin
--

CREATE TABLE public.models_only_irrigation_system (
    id bigint NOT NULL,
    irrigation_type character varying(20) NOT NULL,
    instalation_date date,
    field_id_id bigint NOT NULL
);


ALTER TABLE public.models_only_irrigation_system OWNER TO admin;

--
-- Name: models_only_irrigation_system_id_seq; Type: SEQUENCE; Schema: public; Owner: admin
--

ALTER TABLE public.models_only_irrigation_system ALTER COLUMN id ADD GENERATED BY DEFAULT AS IDENTITY (
    SEQUENCE NAME public.models_only_irrigation_system_id_seq
    START WITH 1
    INCREMENT BY 1
    NO MINVALUE
    NO MAXVALUE
    CACHE 1
);


--
-- Name: models_only_lidar; Type: TABLE; Schema: public; Owner: admin
--

CREATE TABLE public.models_only_lidar (
    id bigint NOT NULL,
    datetime date,
    test character varying(20) NOT NULL,
    field_id_id bigint
);


ALTER TABLE public.models_only_lidar OWNER TO admin;

--
-- Name: models_only_lidar_id_seq; Type: SEQUENCE; Schema: public; Owner: admin
--

ALTER TABLE public.models_only_lidar ALTER COLUMN id ADD GENERATED BY DEFAULT AS IDENTITY (
    SEQUENCE NAME public.models_only_lidar_id_seq
    START WITH 1
    INCREMENT BY 1
    NO MINVALUE
    NO MAXVALUE
    CACHE 1
);


--
-- Name: models_only_maitenance_dates; Type: TABLE; Schema: public; Owner: admin
--

CREATE TABLE public.models_only_maitenance_dates (
    id bigint NOT NULL,
    date date NOT NULL,
    irrigation_system_id_id bigint NOT NULL
);


ALTER TABLE public.models_only_maitenance_dates OWNER TO admin;

--
-- Name: models_only_maitenance_dates_id_seq; Type: SEQUENCE; Schema: public; Owner: admin
--

ALTER TABLE public.models_only_maitenance_dates ALTER COLUMN id ADD GENERATED BY DEFAULT AS IDENTITY (
    SEQUENCE NAME public.models_only_maitenance_dates_id_seq
    START WITH 1
    INCREMENT BY 1
    NO MINVALUE
    NO MAXVALUE
    CACHE 1
);


--
-- Name: models_only_ogimet_stations; Type: TABLE; Schema: public; Owner: admin
--

CREATE TABLE public.models_only_ogimet_stations (
    id bigint NOT NULL,
    station_id integer,
    lat character varying(50) NOT NULL,
    long character varying(50) NOT NULL,
    location_name character varying(50) NOT NULL
);


ALTER TABLE public.models_only_ogimet_stations OWNER TO admin;

--
-- Name: models_only_ogimet_stations_id_seq; Type: SEQUENCE; Schema: public; Owner: admin
--

ALTER TABLE public.models_only_ogimet_stations ALTER COLUMN id ADD GENERATED BY DEFAULT AS IDENTITY (
    SEQUENCE NAME public.models_only_ogimet_stations_id_seq
    START WITH 1
    INCREMENT BY 1
    NO MINVALUE
    NO MAXVALUE
    CACHE 1
);


--
-- Name: models_only_policymaker; Type: TABLE; Schema: public; Owner: admin
--

CREATE TABLE public.models_only_policymaker (
    id bigint NOT NULL,
    first_name character varying(30),
    last_name character varying(30),
    email character varying(50),
    password character varying(128)
);


ALTER TABLE public.models_only_policymaker OWNER TO admin;

--
-- Name: models_only_policymaker_id_seq; Type: SEQUENCE; Schema: public; Owner: admin
--

ALTER TABLE public.models_only_policymaker ALTER COLUMN id ADD GENERATED BY DEFAULT AS IDENTITY (
    SEQUENCE NAME public.models_only_policymaker_id_seq
    START WITH 1
    INCREMENT BY 1
    NO MINVALUE
    NO MAXVALUE
    CACHE 1
);


--
-- Name: models_only_pratique_agricole; Type: TABLE; Schema: public; Owner: admin
--

CREATE TABLE public.models_only_pratique_agricole (
    id bigint NOT NULL,
    types character varying(50) NOT NULL,
    date_debut date NOT NULL,
    date_fin date NOT NULL,
    quantite integer NOT NULL,
    crop_id_id bigint NOT NULL
);


ALTER TABLE public.models_only_pratique_agricole OWNER TO admin;

--
-- Name: models_only_pratique_agricole_id_seq; Type: SEQUENCE; Schema: public; Owner: admin
--

ALTER TABLE public.models_only_pratique_agricole ALTER COLUMN id ADD GENERATED BY DEFAULT AS IDENTITY (
    SEQUENCE NAME public.models_only_pratique_agricole_id_seq
    START WITH 1
    INCREMENT BY 1
    NO MINVALUE
    NO MAXVALUE
    CACHE 1
);


--
-- Name: models_only_remote_sensing; Type: TABLE; Schema: public; Owner: admin
--

CREATE TABLE public.models_only_remote_sensing (
    id bigint NOT NULL,
    datetime date,
    path character varying(50) NOT NULL,
    "RS_type" character varying(50) NOT NULL,
    source character varying(50) NOT NULL,
    field_id_id bigint
);


ALTER TABLE public.models_only_remote_sensing OWNER TO admin;

--
-- Name: models_only_remote_sensing_id_seq; Type: SEQUENCE; Schema: public; Owner: admin
--

ALTER TABLE public.models_only_remote_sensing ALTER COLUMN id ADD GENERATED BY DEFAULT AS IDENTITY (
    SEQUENCE NAME public.models_only_remote_sensing_id_seq
    START WITH 1
    INCREMENT BY 1
    NO MINVALUE
    NO MAXVALUE
    CACHE 1
);


--
-- Name: models_only_searcher; Type: TABLE; Schema: public; Owner: admin
--

CREATE TABLE public.models_only_searcher (
    id bigint NOT NULL,
    first_name character varying(30),
    last_name character varying(30),
    email character varying(50),
    password character varying(128)
);


ALTER TABLE public.models_only_searcher OWNER TO admin;

--
-- Name: models_only_searcher_id_seq; Type: SEQUENCE; Schema: public; Owner: admin
--

ALTER TABLE public.models_only_searcher ALTER COLUMN id ADD GENERATED BY DEFAULT AS IDENTITY (
    SEQUENCE NAME public.models_only_searcher_id_seq
    START WITH 1
    INCREMENT BY 1
    NO MINVALUE
    NO MAXVALUE
    CACHE 1
);


--
-- Name: models_only_season; Type: TABLE; Schema: public; Owner: admin
--

CREATE TABLE public.models_only_season (
    id bigint NOT NULL,
    start_date date,
    field_id_id bigint NOT NULL
);


ALTER TABLE public.models_only_season OWNER TO admin;

--
-- Name: models_only_season_id_seq; Type: SEQUENCE; Schema: public; Owner: admin
--

ALTER TABLE public.models_only_season ALTER COLUMN id ADD GENERATED BY DEFAULT AS IDENTITY (
    SEQUENCE NAME public.models_only_season_id_seq
    START WITH 1
    INCREMENT BY 1
    NO MINVALUE
    NO MAXVALUE
    CACHE 1
);


--
-- Name: models_only_soil; Type: TABLE; Schema: public; Owner: admin
--

CREATE TABLE public.models_only_soil (
    id bigint NOT NULL,
    soil_type character varying(20) NOT NULL,
    field_id_id bigint NOT NULL
);


ALTER TABLE public.models_only_soil OWNER TO admin;

--
-- Name: models_only_soil_analysis; Type: TABLE; Schema: public; Owner: admin
--

CREATE TABLE public.models_only_soil_analysis (
    id bigint NOT NULL,
    "PH_eau" double precision NOT NULL,
    "EC_ms_cm" double precision NOT NULL,
    "EC_ms_cm_pate_saturée" double precision NOT NULL,
    "Argile" double precision NOT NULL,
    "Limon" double precision NOT NULL,
    "Sable" double precision NOT NULL,
    "MO" double precision NOT NULL,
    "Nt" double precision NOT NULL,
    "P205" double precision NOT NULL,
    "K20" double precision NOT NULL,
    "Na20" double precision NOT NULL,
    "Na" double precision NOT NULL,
    "Cao" double precision NOT NULL,
    "Ca" double precision NOT NULL,
    "MGo" double precision NOT NULL,
    "Mg" double precision NOT NULL,
    "SAR" double precision NOT NULL,
    "Cu" double precision NOT NULL,
    "Mn" double precision NOT NULL,
    "Fe" double precision NOT NULL,
    "Zn" double precision NOT NULL,
    "NNH4" double precision NOT NULL,
    "NO3" double precision NOT NULL,
    "CI" double precision NOT NULL,
    "BORE" double precision NOT NULL,
    "Caco3" double precision NOT NULL,
    "Caco3_actif_AXB" double precision NOT NULL,
    soil_id_id bigint NOT NULL
);


ALTER TABLE public.models_only_soil_analysis OWNER TO admin;

--
-- Name: models_only_soil_analysis_id_seq; Type: SEQUENCE; Schema: public; Owner: admin
--

ALTER TABLE public.models_only_soil_analysis ALTER COLUMN id ADD GENERATED BY DEFAULT AS IDENTITY (
    SEQUENCE NAME public.models_only_soil_analysis_id_seq
    START WITH 1
    INCREMENT BY 1
    NO MINVALUE
    NO MAXVALUE
    CACHE 1
);


--
-- Name: models_only_soil_id_seq; Type: SEQUENCE; Schema: public; Owner: admin
--

ALTER TABLE public.models_only_soil ALTER COLUMN id ADD GENERATED BY DEFAULT AS IDENTITY (
    SEQUENCE NAME public.models_only_soil_id_seq
    START WITH 1
    INCREMENT BY 1
    NO MINVALUE
    NO MAXVALUE
    CACHE 1
);


--
-- Name: models_only_sol_fao_parametre; Type: TABLE; Schema: public; Owner: admin
--

CREATE TABLE public.models_only_sol_fao_parametre (
    id bigint NOT NULL,
    sol character varying(20) NOT NULL,
    "REW_max" double precision,
    "thetaFC_max" double precision,
    "thetaFC_min" double precision,
    "thetaWP_max" double precision,
    "thetaWP_min" double precision,
    "REW_min" double precision
);


ALTER TABLE public.models_only_sol_fao_parametre OWNER TO admin;

--
-- Name: models_only_sol_fao_id_seq; Type: SEQUENCE; Schema: public; Owner: admin
--

ALTER TABLE public.models_only_sol_fao_parametre ALTER COLUMN id ADD GENERATED BY DEFAULT AS IDENTITY (
    SEQUENCE NAME public.models_only_sol_fao_id_seq
    START WITH 1
    INCREMENT BY 1
    NO MINVALUE
    NO MAXVALUE
    CACHE 1
);


--
-- Name: models_only_sprinkler_irrigation; Type: TABLE; Schema: public; Owner: admin
--

CREATE TABLE public.models_only_sprinkler_irrigation (
    irrigation_system_ptr_id bigint NOT NULL,
    radius integer,
    coverage_area integer,
    outflow_rate integer,
    number_in_use integer
);


ALTER TABLE public.models_only_sprinkler_irrigation OWNER TO admin;

--
-- Name: models_only_station; Type: TABLE; Schema: public; Owner: admin
--

CREATE TABLE public.models_only_station (
    id bigint NOT NULL,
    datetime date,
    coordinates character varying(50) NOT NULL,
    station_type character varying(20) NOT NULL,
    sensor_type character varying(20) NOT NULL,
    mesur integer NOT NULL,
    field_id_id bigint
);


ALTER TABLE public.models_only_station OWNER TO admin;

--
-- Name: models_only_station_id_seq; Type: SEQUENCE; Schema: public; Owner: admin
--

ALTER TABLE public.models_only_station ALTER COLUMN id ADD GENERATED BY DEFAULT AS IDENTITY (
    SEQUENCE NAME public.models_only_station_id_seq
    START WITH 1
    INCREMENT BY 1
    NO MINVALUE
    NO MAXVALUE
    CACHE 1
);


--
-- Name: models_only_surface_irrigation; Type: TABLE; Schema: public; Owner: admin
--

CREATE TABLE public.models_only_surface_irrigation (
    irrigation_system_ptr_id bigint NOT NULL
);


ALTER TABLE public.models_only_surface_irrigation OWNER TO admin;

--
-- Data for Name: auth_group; Type: TABLE DATA; Schema: public; Owner: admin
--

COPY public.auth_group (id, name) FROM stdin;
\.


--
-- Data for Name: auth_group_permissions; Type: TABLE DATA; Schema: public; Owner: admin
--

COPY public.auth_group_permissions (id, group_id, permission_id) FROM stdin;
\.


--
-- Data for Name: auth_permission; Type: TABLE DATA; Schema: public; Owner: admin
--

COPY public.auth_permission (id, name, content_type_id, codename) FROM stdin;
1	Can add log entry	1	add_logentry
2	Can change log entry	1	change_logentry
3	Can delete log entry	1	delete_logentry
4	Can view log entry	1	view_logentry
5	Can add permission	2	add_permission
6	Can change permission	2	change_permission
7	Can delete permission	2	delete_permission
8	Can view permission	2	view_permission
9	Can add group	3	add_group
10	Can change group	3	change_group
11	Can delete group	3	delete_group
12	Can view group	3	view_group
13	Can add user	4	add_user
14	Can change user	4	change_user
15	Can delete user	4	delete_user
16	Can view user	4	view_user
17	Can add content type	5	add_contenttype
18	Can change content type	5	change_contenttype
19	Can delete content type	5	delete_contenttype
20	Can view content type	5	view_contenttype
21	Can add session	6	add_session
22	Can change session	6	change_session
23	Can delete session	6	delete_session
24	Can view session	6	view_session
25	Can add farmer	7	add_farmer
26	Can change farmer	7	change_farmer
27	Can delete farmer	7	delete_farmer
28	Can view farmer	7	view_farmer
29	Can add searcher	8	add_searcher
30	Can change searcher	8	change_searcher
31	Can delete searcher	8	delete_searcher
32	Can view searcher	8	view_searcher
33	Can add policy maker	9	add_policymaker
34	Can change policy maker	9	change_policymaker
35	Can delete policy maker	9	delete_policymaker
36	Can view policy maker	9	view_policymaker
37	Can add field	10	add_field
38	Can change field	10	change_field
39	Can delete field	10	delete_field
40	Can view field	10	view_field
41	Can add season	11	add_season
42	Can change season	11	change_season
43	Can delete season	11	delete_season
44	Can view season	11	view_season
45	Can add crop	12	add_crop
46	Can change crop	12	change_crop
47	Can delete crop	12	delete_crop
48	Can view crop	12	view_crop
49	Can add pratique_ agricole	13	add_pratique_agricole
50	Can change pratique_ agricole	13	change_pratique_agricole
51	Can delete pratique_ agricole	13	delete_pratique_agricole
52	Can view pratique_ agricole	13	view_pratique_agricole
53	Can add soil	14	add_soil
54	Can change soil	14	change_soil
55	Can delete soil	14	delete_soil
56	Can view soil	14	view_soil
57	Can add soil_analysis	15	add_soil_analysis
58	Can change soil_analysis	15	change_soil_analysis
59	Can delete soil_analysis	15	delete_soil_analysis
60	Can view soil_analysis	15	view_soil_analysis
61	Can add irrigation_system	16	add_irrigation_system
62	Can change irrigation_system	16	change_irrigation_system
63	Can delete irrigation_system	16	delete_irrigation_system
64	Can view irrigation_system	16	view_irrigation_system
65	Can add maitenance_dates	17	add_maitenance_dates
66	Can change maitenance_dates	17	change_maitenance_dates
67	Can delete maitenance_dates	17	delete_maitenance_dates
68	Can view maitenance_dates	17	view_maitenance_dates
69	Can add remote_sensing	18	add_remote_sensing
70	Can change remote_sensing	18	change_remote_sensing
71	Can delete remote_sensing	18	delete_remote_sensing
72	Can view remote_sensing	18	view_remote_sensing
73	Can add station	19	add_station
74	Can change station	19	change_station
75	Can delete station	19	delete_station
76	Can view station	19	view_station
77	Can add lidar	20	add_lidar
78	Can change lidar	20	change_lidar
79	Can delete lidar	20	delete_lidar
80	Can view lidar	20	view_lidar
81	Can add drone	21	add_drone
82	Can change drone	21	change_drone
83	Can delete drone	21	delete_drone
84	Can view drone	21	view_drone
85	Can add ogimet_stations	22	add_ogimet_stations
86	Can change ogimet_stations	22	change_ogimet_stations
87	Can delete ogimet_stations	22	delete_ogimet_stations
88	Can view ogimet_stations	22	view_ogimet_stations
89	Can add irrigation_amount	23	add_irrigation_amount
90	Can change irrigation_amount	23	change_irrigation_amount
91	Can delete irrigation_amount	23	delete_irrigation_amount
92	Can view irrigation_amount	23	view_irrigation_amount
93	Can add surface_irrigation	24	add_surface_irrigation
94	Can change surface_irrigation	24	change_surface_irrigation
95	Can delete surface_irrigation	24	delete_surface_irrigation
96	Can view surface_irrigation	24	view_surface_irrigation
97	Can add sprinkler_irrigation	25	add_sprinkler_irrigation
98	Can change sprinkler_irrigation	25	change_sprinkler_irrigation
99	Can delete sprinkler_irrigation	25	delete_sprinkler_irrigation
100	Can view sprinkler_irrigation	25	view_sprinkler_irrigation
101	Can add drip_ irrigation	26	add_drip_irrigation
102	Can change drip_ irrigation	26	change_drip_irrigation
103	Can delete drip_ irrigation	26	delete_drip_irrigation
104	Can view drip_ irrigation	26	view_drip_irrigation
105	Can add fao_ parametre	27	add_fao_parametre
106	Can change fao_ parametre	27	change_fao_parametre
107	Can delete fao_ parametre	27	delete_fao_parametre
108	Can view fao_ parametre	27	view_fao_parametre
109	Can add fao_ crop_ parametre	27	add_fao_crop_parametre
110	Can change fao_ crop_ parametre	27	change_fao_crop_parametre
111	Can delete fao_ crop_ parametre	27	delete_fao_crop_parametre
112	Can view fao_ crop_ parametre	27	view_fao_crop_parametre
113	Can add kc b_ crop_ parametre	28	add_kcb_crop_parametre
114	Can change kc b_ crop_ parametre	28	change_kcb_crop_parametre
115	Can delete kc b_ crop_ parametre	28	delete_kcb_crop_parametre
116	Can view kc b_ crop_ parametre	28	view_kcb_crop_parametre
117	Can add sol_ fao	29	add_sol_fao
118	Can change sol_ fao	29	change_sol_fao
119	Can delete sol_ fao	29	delete_sol_fao
120	Can view sol_ fao	29	view_sol_fao
121	Can add sol_ fao_ parametre	29	add_sol_fao_parametre
122	Can change sol_ fao_ parametre	29	change_sol_fao_parametre
123	Can delete sol_ fao_ parametre	29	delete_sol_fao_parametre
124	Can view sol_ fao_ parametre	29	view_sol_fao_parametre
\.


--
-- Data for Name: auth_user; Type: TABLE DATA; Schema: public; Owner: admin
--

COPY public.auth_user (id, password, last_login, is_superuser, username, first_name, last_name, email, is_staff, is_active, date_joined) FROM stdin;
1	pbkdf2_sha256$390000$57TRrCMVoquUtyoj7nRHSo$gBCb1AvR3xpzYLuggqIYmMNOYHHw3nZL9UgVcib+jnU=	2024-06-11 15:18:41.733025+00	t	admin			h@g.com	t	t	2024-06-11 15:18:26.651106+00
3	pbkdf2_sha256$390000$bzhf7tMkv1y70IKt6iSGHp$wusu+iIgyS2tnjxLWerQMJrt2/CFzdFZFJTftl3pLRQ=	\N	t	lol			lol@g.com	t	t	2024-07-16 19:12:21.4142+00
4	pbkdf2_sha256$390000$eNZLTFZckwDJNbFVfyQImw$fnDkECAlnfjGEZfe1NqnaghkawT3e7cmbLggw/pjVIs=	\N	t	root			h@g.com	t	t	2024-07-16 19:13:10.046416+00
5	pbkdf2_sha256$390000$XLCKLWfLNWmxD06JUlsENF$WMAOSZdJ6cKzJMCAp2z/uZh6gZhS5zDP/8A1cyE7JB4=	\N	t	hbukili			h@g.com	t	t	2024-07-16 19:17:43.958721+00
2	pbkdf2_sha256$390000$9g26UKOyxezEf73OTJnf3c$jE6UHZXA28Vl7XLmghXub9657YmN+f4oxIpmQrODbJc=	2024-07-31 11:23:40.014926+00	t	hboukili			h@g.com	t	t	2024-06-28 21:18:35.06877+00
\.


--
-- Data for Name: auth_user_groups; Type: TABLE DATA; Schema: public; Owner: admin
--

COPY public.auth_user_groups (id, user_id, group_id) FROM stdin;
\.


--
-- Data for Name: auth_user_user_permissions; Type: TABLE DATA; Schema: public; Owner: admin
--

COPY public.auth_user_user_permissions (id, user_id, permission_id) FROM stdin;
\.


--
-- Data for Name: django_admin_log; Type: TABLE DATA; Schema: public; Owner: admin
--

COPY public.django_admin_log (id, action_time, object_id, object_repr, action_flag, change_message, content_type_id, user_id) FROM stdin;
1	2024-07-02 11:57:18.459683+00	1	Field object (1)	2	[{"changed": {"fields": ["User id"]}}]	10	2
2	2024-07-02 19:54:11.191411+00	2	Field object (2)	1	[{"added": {}}]	10	2
3	2024-07-09 13:18:48.193126+00	1	Irrigation_amount object (1)	1	[{"added": {}}]	23	2
4	2024-07-09 13:23:41.429665+00	1	Irrigation_amount object (1)	3		23	2
5	2024-07-09 13:56:38.808062+00	2	Surface_irrigation object (2)	3		24	2
6	2024-07-09 13:56:49.193921+00	4	Surface_irrigation object (4)	1	[{"added": {}}]	24	2
7	2024-07-09 14:06:27.827348+00	7	Surface_irrigation object (7)	3		24	2
8	2024-07-09 14:06:31.794368+00	4	Surface_irrigation object (4)	3		24	2
9	2024-07-09 14:13:34.967135+00	5	Irrigation_system object (5)	2	[{"changed": {"fields": ["Irrigation type"]}}]	16	2
10	2024-07-17 09:59:25.032051+00	61	Field object (61)	3		10	2
11	2024-07-17 09:59:25.037397+00	60	Field object (60)	3		10	2
12	2024-07-17 09:59:25.04024+00	59	Field object (59)	3		10	2
13	2024-07-17 09:59:25.042817+00	58	Field object (58)	3		10	2
14	2024-07-17 09:59:25.045183+00	57	Field object (57)	3		10	2
15	2024-07-17 09:59:25.047961+00	56	Field object (56)	3		10	2
16	2024-07-17 09:59:25.050305+00	55	Field object (55)	3		10	2
17	2024-07-17 09:59:25.052202+00	54	Field object (54)	3		10	2
18	2024-07-17 09:59:25.054297+00	52	Field object (52)	3		10	2
19	2024-07-17 09:59:25.056284+00	51	Field object (51)	3		10	2
20	2024-07-17 09:59:25.058218+00	48	Field object (48)	3		10	2
21	2024-07-17 09:59:25.059946+00	46	Field object (46)	3		10	2
22	2024-07-17 09:59:25.06196+00	45	Field object (45)	3		10	2
23	2024-07-17 09:59:25.064075+00	44	Field object (44)	3		10	2
24	2024-07-17 09:59:25.066438+00	43	Field object (43)	3		10	2
25	2024-07-17 09:59:25.068246+00	42	Field object (42)	3		10	2
26	2024-07-17 09:59:25.070127+00	41	Field object (41)	3		10	2
27	2024-07-17 09:59:25.072198+00	40	Field object (40)	3		10	2
28	2024-07-17 09:59:25.073853+00	39	Field object (39)	3		10	2
29	2024-07-17 09:59:25.075519+00	38	Field object (38)	3		10	2
30	2024-07-17 09:59:25.077403+00	37	Field object (37)	3		10	2
31	2024-07-17 09:59:25.079854+00	36	Field object (36)	3		10	2
32	2024-07-17 09:59:25.082012+00	35	Field object (35)	3		10	2
33	2024-07-17 09:59:25.084098+00	34	Field object (34)	3		10	2
34	2024-07-17 09:59:25.086145+00	33	Field object (33)	3		10	2
35	2024-07-17 09:59:25.0883+00	32	Field object (32)	3		10	2
36	2024-07-17 09:59:25.090685+00	31	Field object (31)	3		10	2
37	2024-07-17 09:59:25.093+00	30	Field object (30)	3		10	2
38	2024-07-17 09:59:25.095061+00	29	Field object (29)	3		10	2
39	2024-07-17 09:59:25.097166+00	28	Field object (28)	3		10	2
40	2024-07-17 09:59:25.099487+00	27	Field object (27)	3		10	2
41	2024-07-17 09:59:25.101664+00	25	Field object (25)	3		10	2
42	2024-07-17 09:59:25.104351+00	23	Field object (23)	3		10	2
43	2024-07-17 09:59:25.106536+00	17	Field object (17)	3		10	2
44	2024-07-17 09:59:25.108807+00	16	Field object (16)	3		10	2
45	2024-07-17 09:59:25.111295+00	15	Field object (15)	3		10	2
46	2024-07-17 09:59:25.113558+00	14	Field object (14)	3		10	2
47	2024-07-17 09:59:25.117069+00	13	Field object (13)	3		10	2
48	2024-07-17 09:59:25.119429+00	10	Field object (10)	3		10	2
49	2024-07-17 09:59:25.122497+00	8	Field object (8)	3		10	2
50	2024-07-17 09:59:25.12487+00	6	Field object (6)	3		10	2
51	2024-07-17 09:59:25.127129+00	5	Field object (5)	3		10	2
52	2024-07-17 09:59:25.129462+00	4	Field object (4)	3		10	2
53	2024-07-17 09:59:25.13238+00	3	Field object (3)	3		10	2
54	2024-07-17 09:59:25.135195+00	2	Field object (2)	3		10	2
55	2024-07-17 09:59:25.137416+00	1	Field object (1)	3		10	2
56	2024-07-17 10:00:42.954575+00	62	Field object (62)	3		10	2
57	2024-07-30 21:01:46.863779+00	3	Fao_Crop_Parametre object (3)	1	[{"added": {}}]	27	2
58	2024-07-30 22:39:31.650501+00	1	KCB_Crop_Parametre object (1)	1	[{"added": {}}]	28	2
59	2024-07-30 22:47:39.652853+00	2	KCB_Crop_Parametre object (2)	1	[{"added": {}}]	28	2
60	2024-07-30 22:48:10.488164+00	3	KCB_Crop_Parametre object (3)	1	[{"added": {}}]	28	2
61	2024-07-30 22:48:33.322704+00	4	KCB_Crop_Parametre object (4)	1	[{"added": {}}]	28	2
62	2024-07-30 22:50:27.684847+00	5	KCB_Crop_Parametre object (5)	1	[{"added": {}}]	28	2
63	2024-07-30 23:12:39.250384+00	6	KCB_Crop_Parametre object (6)	1	[{"added": {}}]	28	2
64	2024-08-06 19:43:48.27335+00	1	Sol_Fao_Parametre object (1)	1	[{"added": {}}]	29	2
65	2024-08-06 19:44:26.001026+00	2	Sol_Fao_Parametre object (2)	1	[{"added": {}}]	29	2
66	2024-08-06 19:45:08.592281+00	3	Sol_Fao_Parametre object (3)	1	[{"added": {}}]	29	2
67	2024-08-06 19:46:08.689428+00	4	Sol_Fao_Parametre object (4)	1	[{"added": {}}]	29	2
68	2024-08-06 19:46:45.08093+00	5	Sol_Fao_Parametre object (5)	1	[{"added": {}}]	29	2
69	2024-08-06 19:48:03.843236+00	6	Sol_Fao_Parametre object (6)	1	[{"added": {}}]	29	2
70	2024-08-06 19:48:38.087796+00	7	Sol_Fao_Parametre object (7)	1	[{"added": {}}]	29	2
71	2024-08-06 19:49:08.796494+00	8	Sol_Fao_Parametre object (8)	1	[{"added": {}}]	29	2
72	2024-08-06 19:49:35.840166+00	9	Sol_Fao_Parametre object (9)	1	[{"added": {}}]	29	2
73	2024-08-06 20:02:12.978099+00	1	Fao_Crop_Parametre object (1)	1	[{"added": {}}]	27	2
74	2024-08-06 20:04:23.982746+00	2	Fao_Crop_Parametre object (2)	1	[{"added": {}}]	27	2
75	2024-08-06 20:05:34.138817+00	3	Fao_Crop_Parametre object (3)	1	[{"added": {}}]	27	2
76	2024-08-06 20:06:42.257127+00	4	Fao_Crop_Parametre object (4)	1	[{"added": {}}]	27	2
77	2024-08-06 20:07:58.102942+00	5	Fao_Crop_Parametre object (5)	1	[{"added": {}}]	27	2
78	2024-08-06 20:10:14.58199+00	6	Fao_Crop_Parametre object (6)	1	[{"added": {}}]	27	2
79	2024-08-06 20:11:22.979741+00	7	Fao_Crop_Parametre object (7)	1	[{"added": {}}]	27	2
80	2024-08-06 20:12:29.972455+00	8	Fao_Crop_Parametre object (8)	1	[{"added": {}}]	27	2
81	2024-08-06 20:13:27.367445+00	9	Fao_Crop_Parametre object (9)	1	[{"added": {}}]	27	2
82	2024-08-06 20:14:28.75744+00	9	Fao_Crop_Parametre object (9)	2	[{"changed": {"fields": ["Lini", "Ldev", "Lmid", "Lend"]}}]	27	2
83	2024-08-06 20:15:21.04187+00	10	Fao_Crop_Parametre object (10)	1	[{"added": {}}]	27	2
84	2024-08-06 20:16:31.792509+00	11	Fao_Crop_Parametre object (11)	1	[{"added": {}}]	27	2
85	2024-08-06 20:29:20.931227+00	12	Fao_Crop_Parametre object (12)	1	[{"added": {}}]	27	2
86	2024-08-06 20:30:28.05606+00	13	Fao_Crop_Parametre object (13)	1	[{"added": {}}]	27	2
87	2024-08-06 20:31:28.445739+00	14	Fao_Crop_Parametre object (14)	1	[{"added": {}}]	27	2
88	2024-08-06 20:33:44.291938+00	15	Fao_Crop_Parametre object (15)	1	[{"added": {}}]	27	2
89	2024-08-06 20:35:23.452275+00	16	Fao_Crop_Parametre object (16)	1	[{"added": {}}]	27	2
90	2024-08-06 20:37:38.996179+00	17	Fao_Crop_Parametre object (17)	1	[{"added": {}}]	27	2
91	2024-08-06 20:39:31.822538+00	18	Fao_Crop_Parametre object (18)	1	[{"added": {}}]	27	2
92	2024-08-06 20:40:40.909401+00	19	Fao_Crop_Parametre object (19)	1	[{"added": {}}]	27	2
93	2024-08-06 20:46:40.618349+00	20	Fao_Crop_Parametre object (20)	1	[{"added": {}}]	27	2
94	2024-08-06 20:49:21.135309+00	21	Fao_Crop_Parametre object (21)	1	[{"added": {}}]	27	2
95	2024-08-06 20:50:36.15052+00	22	Fao_Crop_Parametre object (22)	1	[{"added": {}}]	27	2
96	2024-08-06 20:52:11.673319+00	23	Fao_Crop_Parametre object (23)	1	[{"added": {}}]	27	2
97	2024-08-06 21:02:35.581872+00	8	Fao_Crop_Parametre object (8)	2	[{"changed": {"fields": ["Crop"]}}]	27	2
98	2024-08-06 21:03:47.547753+00	24	Fao_Crop_Parametre object (24)	1	[{"added": {}}]	27	2
99	2024-08-06 21:04:33.173253+00	25	Fao_Crop_Parametre object (25)	1	[{"added": {}}]	27	2
100	2024-08-06 21:25:04.0628+00	26	Fao_Crop_Parametre object (26)	1	[{"added": {}}]	27	2
101	2024-08-06 21:27:22.11014+00	27	Fao_Crop_Parametre object (27)	1	[{"added": {}}]	27	2
102	2024-08-06 21:28:04.632971+00	28	Fao_Crop_Parametre object (28)	1	[{"added": {}}]	27	2
103	2024-08-06 21:29:06.302122+00	29	Fao_Crop_Parametre object (29)	1	[{"added": {}}]	27	2
104	2024-08-06 21:29:48.696928+00	30	Fao_Crop_Parametre object (30)	1	[{"added": {}}]	27	2
105	2024-08-06 21:30:42.652399+00	31	Fao_Crop_Parametre object (31)	1	[{"added": {}}]	27	2
106	2024-08-06 21:31:25.638761+00	32	Fao_Crop_Parametre object (32)	1	[{"added": {}}]	27	2
107	2024-08-06 22:44:00.462113+00	33	Fao_Crop_Parametre object (33)	1	[{"added": {}}]	27	2
108	2024-08-06 22:44:48.809932+00	34	Fao_Crop_Parametre object (34)	1	[{"added": {}}]	27	2
109	2024-08-06 22:46:08.187726+00	35	Fao_Crop_Parametre object (35)	1	[{"added": {}}]	27	2
110	2024-08-06 22:46:58.455294+00	36	Fao_Crop_Parametre object (36)	1	[{"added": {}}]	27	2
111	2024-08-06 22:49:29.088116+00	37	Fao_Crop_Parametre object (37)	1	[{"added": {}}]	27	2
112	2024-08-06 22:52:06.956246+00	38	Fao_Crop_Parametre object (38)	1	[{"added": {}}]	27	2
113	2024-08-06 22:52:51.745392+00	39	Fao_Crop_Parametre object (39)	1	[{"added": {}}]	27	2
114	2024-08-06 22:53:50.11753+00	40	Fao_Crop_Parametre object (40)	1	[{"added": {}}]	27	2
115	2024-08-06 22:54:32.461632+00	41	Fao_Crop_Parametre object (41)	1	[{"added": {}}]	27	2
116	2024-08-06 22:55:29.963576+00	42	Fao_Crop_Parametre object (42)	1	[{"added": {}}]	27	2
117	2024-08-06 22:56:23.160803+00	43	Fao_Crop_Parametre object (43)	1	[{"added": {}}]	27	2
118	2024-08-06 22:57:18.707532+00	44	Fao_Crop_Parametre object (44)	1	[{"added": {}}]	27	2
119	2024-08-06 23:05:59.964206+00	45	Fao_Crop_Parametre object (45)	1	[{"added": {}}]	27	2
120	2024-08-06 23:07:25.718443+00	46	Fao_Crop_Parametre object (46)	1	[{"added": {}}]	27	2
121	2024-08-06 23:08:32.382754+00	47	Fao_Crop_Parametre object (47)	1	[{"added": {}}]	27	2
122	2024-08-06 23:10:08.92647+00	48	Fao_Crop_Parametre object (48)	1	[{"added": {}}]	27	2
123	2024-08-06 23:10:56.266555+00	49	Fao_Crop_Parametre object (49)	1	[{"added": {}}]	27	2
124	2024-08-06 23:12:57.933738+00	50	Fao_Crop_Parametre object (50)	1	[{"added": {}}]	27	2
125	2024-08-06 23:21:31.671312+00	51	Fao_Crop_Parametre object (51)	1	[{"added": {}}]	27	2
126	2024-08-06 23:21:45.80279+00	51	Fao_Crop_Parametre object (51)	2	[{"changed": {"fields": ["Pbase"]}}]	27	2
127	2024-08-06 23:22:37.963508+00	52	Fao_Crop_Parametre object (52)	1	[{"added": {}}]	27	2
128	2024-08-06 23:25:42.458563+00	53	Fao_Crop_Parametre object (53)	1	[{"added": {}}]	27	2
129	2024-08-06 23:26:28.538472+00	54	Fao_Crop_Parametre object (54)	1	[{"added": {}}]	27	2
\.


--
-- Data for Name: django_content_type; Type: TABLE DATA; Schema: public; Owner: admin
--

COPY public.django_content_type (id, app_label, model) FROM stdin;
1	admin	logentry
2	auth	permission
3	auth	group
4	auth	user
5	contenttypes	contenttype
6	sessions	session
7	models_only	farmer
8	models_only	searcher
9	models_only	policymaker
10	models_only	field
11	models_only	season
12	models_only	crop
13	models_only	pratique_agricole
14	models_only	soil
15	models_only	soil_analysis
16	models_only	irrigation_system
17	models_only	maitenance_dates
18	models_only	remote_sensing
19	models_only	station
20	models_only	lidar
21	models_only	drone
22	models_only	ogimet_stations
23	models_only	irrigation_amount
24	models_only	surface_irrigation
25	models_only	sprinkler_irrigation
26	models_only	drip_irrigation
27	models_only	fao_crop_parametre
28	models_only	kcb_crop_parametre
29	models_only	sol_fao_parametre
\.


--
-- Data for Name: django_migrations; Type: TABLE DATA; Schema: public; Owner: admin
--

COPY public.django_migrations (id, app, name, applied) FROM stdin;
1	contenttypes	0001_initial	2024-06-11 15:17:11.258863+00
2	auth	0001_initial	2024-06-11 15:17:11.363958+00
3	admin	0001_initial	2024-06-11 15:17:11.397272+00
4	admin	0002_logentry_remove_auto_add	2024-06-11 15:17:11.455605+00
5	admin	0003_logentry_add_action_flag_choices	2024-06-11 15:17:11.472332+00
6	contenttypes	0002_remove_content_type_name	2024-06-11 15:17:11.526151+00
7	auth	0002_alter_permission_name_max_length	2024-06-11 15:17:11.546198+00
8	auth	0003_alter_user_email_max_length	2024-06-11 15:17:11.56372+00
9	auth	0004_alter_user_username_opts	2024-06-11 15:17:11.580272+00
10	auth	0005_alter_user_last_login_null	2024-06-11 15:17:11.598655+00
11	auth	0006_require_contenttypes_0002	2024-06-11 15:17:11.604451+00
12	auth	0007_alter_validators_add_error_messages	2024-06-11 15:17:11.620529+00
13	auth	0008_alter_user_username_max_length	2024-06-11 15:17:11.644587+00
14	auth	0009_alter_user_last_name_max_length	2024-06-11 15:17:11.660744+00
15	auth	0010_alter_group_name_max_length	2024-06-11 15:17:11.680873+00
16	auth	0011_update_proxy_permissions	2024-06-11 15:17:11.71707+00
17	auth	0012_alter_user_first_name_max_length	2024-06-11 15:17:11.734124+00
18	sessions	0001_initial	2024-06-11 15:17:11.756483+00
19	models_only	0001_initial	2024-06-11 15:17:14.243786+00
20	models_only	0002_irrigation_amount_and_more	2024-07-09 12:44:54.221282+00
21	models_only	0003_remove_irrigation_system_debit_and_more	2024-07-09 12:49:16.71603+00
22	models_only	0004_rename_hole_area_drip_irrigation_drippers_area	2024-07-09 13:01:33.47618+00
23	models_only	0005_rename_drippers_area_drip_irrigation_drippers_area_and_more	2024-07-09 13:23:19.789085+00
24	models_only	0006_remove_irrigation_system_amount_and_more	2024-07-09 13:26:39.139759+00
25	models_only	0002_alter_irrigation_system_irrigation_type	2024-07-09 14:00:24.487492+00
26	models_only	0003_remove_drip_irrigation_dripers_distance_and_more	2024-07-09 16:05:53.478776+00
27	models_only	0004_rename_saison_id_crop_season_alter_crop_state_and_more	2024-07-09 22:51:50.030528+00
28	models_only	0005_remove_season_end_date_crop_tree	2024-07-10 13:56:40.12478+00
29	models_only	0006_rename_crop_type_crop_type_rename_tree_crop_value_and_more	2024-07-16 19:05:34.566519+00
30	models_only	0007_alter_crop_value	2024-07-16 20:20:35.164959+00
31	models_only	0008_fao_parametre	2024-07-30 20:52:55.248417+00
32	models_only	0009_alter_fao_parametre_ldev_alter_fao_parametre_lend_and_more	2024-07-30 20:55:10.730099+00
33	models_only	0010_rename_fao_parametre_fao_crop_parametre	2024-07-30 20:56:19.586269+00
34	models_only	0011_alter_fao_crop_parametre_kcbend_and_more	2024-07-30 20:59:26.527823+00
35	models_only	0012_alter_fao_crop_parametre_kcbend_and_more	2024-07-30 21:01:22.19955+00
36	models_only	0013_kcb_crop_parametre_delete_fao_crop_parametre	2024-07-30 22:35:59.302518+00
37	models_only	0014_fao_crop_parametre_sol_fao_delete_kcb_crop_parametre	2024-07-31 12:03:29.159025+00
38	models_only	0015_rename_sol_fao_sol_fao_parametre	2024-07-31 12:05:21.521797+00
39	models_only	0016_rename_thetafc_sol_fao_parametre_thetafc_max_and_more	2024-08-06 19:40:45.219631+00
40	models_only	0017_rename_rew_sol_fao_parametre_rew_max_and_more	2024-08-06 19:42:58.410418+00
\.


--
-- Data for Name: django_session; Type: TABLE DATA; Schema: public; Owner: admin
--

COPY public.django_session (session_key, session_data, expire_date) FROM stdin;
5b67mox811u78t30dkrvwp4pharzicwi	.eJxVjDkOwjAURO_iGlnxEtufkp4zRH9xcAA5UpYKcXewlAKmnPdmXmrAfSvDvuZlmESdlVGn346QH7k2IHest1nzXLdlIt0UfdBVX2fJz8vh_h0UXMt3HQxLSyAiAza5mMF3PRvnBbtkOTkK1HOIIxNAdBYEPQN48WNAUe8P-Y44cA:1sH3Gj:_G5n9QEXmFGW6q5eqY9FeFEl6ABYQeJPUvg_m1Sct68	2024-06-25 15:18:41.736659+00
q4fkjnv69gzdbdfrze6finlk4294br8p	.eJxVjEEOwiAQRe_C2hBAGFqX7nsGMjCMVA0kpV0Z765NutDtf-_9lwi4rSVsPS9hJnERRpx-t4jpkesO6I711mRqdV3mKHdFHrTLqVF-Xg_376BgL98awEUdSTnHqLw1Rnl1TqC1JTMy65jAsENyObN2PICBQSePxAA28yjeH8_hN9M:1sNIzP:QP7fvW28ou-5Zbd3m-VID3JX0VULg7AdXishJCuhZ2s	2024-07-12 21:18:39.257445+00
aeix4szkoqgimz03bexpzkz47h663mef	.eJxVjEEOwiAQRe_C2hBAGFqX7nsGMjCMVA0kpV0Z765NutDtf-_9lwi4rSVsPS9hJnERRpx-t4jpkesO6I711mRqdV3mKHdFHrTLqVF-Xg_376BgL98awEUdSTnHqLw1Rnl1TqC1JTMy65jAsENyObN2PICBQSePxAA28yjeH8_hN9M:1sU1Qx:Q8rWpetMEYiyKUUhrJq2Y_IzxPc9xACX_yJ5eNvbYlU	2024-07-31 09:58:51.801119+00
2krwtaxkz07o7hp7bly1jlrplh0yocgb	.eJxVjEEOwiAQRe_C2hBAGFqX7nsGMjCMVA0kpV0Z765NutDtf-_9lwi4rSVsPS9hJnERRpx-t4jpkesO6I711mRqdV3mKHdFHrTLqVF-Xg_376BgL98awEUdSTnHqLw1Rnl1TqC1JTMy65jAsENyObN2PICBQSePxAA28yjeH8_hN9M:1sZ7Qi:-32O7j0b-WfsHQ3jWWvvT43RWTw-dzlu_oBuJvwOXqM	2024-08-14 11:23:40.018774+00
\.


--
-- Data for Name: models_only_crop; Type: TABLE DATA; Schema: public; Owner: admin
--

COPY public.models_only_crop (id, type, variety, state, "Season_id", value) FROM stdin;
5	Crop	\N	\N	10	Wheat
6	Crop	\N	\N	11	Wheat
\.


--
-- Data for Name: models_only_drip_irrigation; Type: TABLE DATA; Schema: public; Owner: admin
--

COPY public.models_only_drip_irrigation (irrigation_system_ptr_id, "Tubes_distance", drippers_area, "Drippers_distance") FROM stdin;
25	21	99	23
\.


--
-- Data for Name: models_only_drone; Type: TABLE DATA; Schema: public; Owner: admin
--

COPY public.models_only_drone (id, datetime, test, field_id_id) FROM stdin;
\.


--
-- Data for Name: models_only_fao_crop_parametre; Type: TABLE DATA; Schema: public; Owner: admin
--

COPY public.models_only_fao_crop_parametre (id, crop, "Kcbini", "Kcbmid", "Kcbend", "Lini", "Ldev", "Lmid", "Lend", "Zrini", zrmax, pbase, "Ze") FROM stdin;
1	Broccoli	0.15	0.95	0.85	35	45	40	15	0.05	0.6	0.45	0.1
2	Cabbage	0.15	0.95	0.85	40	60	50	15	0.05	0.8	0.45	0.1
3	Carrots	0.15	0.95	0.85	30	40	60	20	0.05	1	0.35	0.1
4	Cauliflower	0.15	0.95	0.85	35	50	40	15	0.05	0.7	0.45	0.1
5	Celery	0.15	0.95	0.9	25	40	45	14	0.05	0.5	0.2	0.1
6	Lettuce	0.15	0.9	0.9	20	30	15	10	0.05	0.5	0.3	0.1
7	Dry onions	0.15	0.95	0.65	15	25	70	40	0.05	0.6	0.3	0.1
9	Seed onions	0.15	1.05	0.7	20	45	165	45	0.05	0.6	0.35	0.1
10	Spinach	0.15	0.9	0.85	20	20	25	5	0.05	0.5	0.2	0.1
11	Radishes	0.15	0.85	0.75	5	10	15	5	0.05	0.5	0.3	0.1
12	EggPlant	0.15	1	0.8	30	45	40	25	0.05	1.2	0.45	0.1
13	Sweet Peppers	0.15	1	0.8	30	35	40	20	0.05	1	0.3	0.1
14	Tomato	0.15	1.1	0.8	30	40	45	30	0.05	1.5	0.4	0.1
15	Cantaloupe	0.15	0.75	0.5	30	45	35	10	0.05	1.5	0.45	0.1
16	Cucumber	0.15	0.95	0.7	20	30	40	14	0.05	1.2	0.5	0.1
17	Pumpkin	0.15	0.95	0.7	20	30	40	15	0.05	1.5	0.35	0.1
18	Sweet Melons	0.15	1	0.7	25	35	40	20	0.05	1.5	0.4	0.1
19	Watermelon	0.15	0.95	0.7	20	30	30	30	0.05	1.5	40	0.1
20	Beets	0.15	0.95	0.85	15	25	20	10	0.05	1	0.5	0.1
21	Potato	0.15	0.95	0.85	30	35	50	30	0.05	0.6	0.35	0.1
22	Sweet Potato	0.15	1.1	0.55	20	30	60	40	0.05	1.5	0.65	0.1
23	Sugar Beet	0.15	1.15	0.5	25	35	50	50	0.05	1.2	0.55	0.1
8	green Onions	0.15	0.9	0.9	25	30	10	5	0.05	0.6	0.3	0.1
24	Green Beans	0.15	1	0.8	20	30	30	10	0.05	0.7	0.45	0.1
25	Dry Beans	0.15	1	0.8	20	30	40	20	0.05	0.9	0.45	0.1
26	Faba Bean	0.15	1.1	1.05	90	45	40	0	0.05	0.7	0.45	0.1
27	Green Gram	0.15	1	0.55	20	30	30	20	0.05	1	0.45	0.1
28	Cowpeas	0.15	1	0.55	20	30	30	20	0.05	1	0.45	0.1
29	Groundnut	0.15	1.1	0.5	35	45	35	25	0.05	1	0.5	0.1
30	Lentil	0.15	1.05	0.2	20	30	60	40	0.05	0.8	0.5	0.1
31	Peas	0.15	1.1	1.05	20	30	35	15	0.05	1	0.4	0.1
32	Soybeans	0.15	1.1	0.3	20	35	60	25	0.05	1.3	0.5	0.1
33	Artichokes	0.15	0.95	0.9	40	40	250	30	0.05	0.9	0.45	0.1
34	Asparagus	0.15	0.95	0.9	90	30	200	45	0.05	1.8	0.45	0.1
35	Cotton	0.15	1.15	0.4	30	50	60	55	0.05	1.7	0.65	0.1
36	Flax	0.15	1.05	0.2	30	50	60	55	0.05	1.7	0.65	0.1
37	Sunflower	0.15	0.95	0.25	25	35	45	25	0.05	1.5	0.45	0.1
38	Barley	0.15	1.1	0.15	15	30	65	40	0.05	1.5	0.55	0.1
39	Oats	0.15	1.1	0.15	15	30	65	40	0.05	1.5	0.55	0.1
40	Spring Wheat	0.15	1.1	0.15	15	30	65	40	0.05	1.5	0.55	0.1
41	Winter Wheat	0.15	1.1	0.15	30	140	40	30	0.05	1.8	0.55	0.1
42	Field Corn	0.15	1.15	0.5	30	50	60	40	0.05	1.7	0.55	0.1
43	Sweet Corn	0.15	1.1	1	20	25	25	10	0.05	1.2	0.5	0.1
44	Millet	0.15	0.95	0.2	20	30	55	35	0.05	2	0.55	0.1
45	Rice	1	1.15	0.45	30	30	60	30	0.05	1	0.2	0.1
46	Alfalfa Hay	0.3	0.45	0.45	5	20	10	10	0.05	2	0.6	0.1
47	Bermuda Hay	0.5	0.95	0.8	10	15	75	35	0.05	1	0.6	0.1
48	Banana first year	0.15	1.05	0.9	120	90	120	60	0.05	0.9	0.35	0.1
49	Banana second year	0.6	1.1	1.05	120	60	180	5	0.05	0.9	0.35	0.1
50	Pineapple	0.15	0.25	0.25	60	120	600	10	0.05	0.6	0.5	0.1
51	Berries	0.2	1	0.4	20	40	120	60	0.05	1.2	0.5	0.1
52	Grapes	0.15	0.8	0.4	20	40	120	60	0.05	2	0.35	0.1
53	olivies	0.55	0.65	0.65	30	90	60	90	0.05	1.7	0.65	0.1
54	Pistachios	0.2	1.05	0.4	20	60	30	40	0.05	1.5	0.4	0.1
\.


--
-- Data for Name: models_only_farmer; Type: TABLE DATA; Schema: public; Owner: admin
--

COPY public.models_only_farmer (id, first_name, last_name, email, password) FROM stdin;
1	admin	firma	h@g.com	pbkdf2_sha256$390000$Jx81CYWF3ZNdOlQQVST0M4$nqkFbBc0Y6Fs5/kyYhodVnrdv9GRKo5v4x5Hmct5LgI=
2	string	string	user@example.com	pbkdf2_sha256$390000$TeD68MMdlKXaKHBwjp8RBh$josUWE29yQK0gcIsYp57YISp63vyhTIA7CXSyUq6oyE=
3	string	string	user1@example.com	pbkdf2_sha256$390000$ya9FEHdAHzm7OEz7bmg2Pt$LVmQfDbfOsh9YhJE4a2F9SFRtQbGUjtyY8J5qRSvxNU=
4	a	b	farmer@g.com	pbkdf2_sha256$390000$7TxCfagkbkRRkMUFC9VIGi$TztqejAzwom1PQ671Y1w+GNlNmuLRMrDZ6KiksWragE=
5	hamza	boukili	f@g.com	pbkdf2_sha256$390000$yfyJf3sMZemSI0OuCv3vDl$68WhKjer/WoerMh2IDU2Z4WW2lrljTsCbq2oOgDJw/M=
\.


--
-- Data for Name: models_only_field; Type: TABLE DATA; Schema: public; Owner: admin
--

COPY public.models_only_field (id, name, boundaries, user_id_id) FROM stdin;
66	first	0103000020E61000000100000005000000EA961DE21F961CC08F53742497074040AD18AE0E80281BC09A93179980134040C77F812040961AC0043A933655F73F40F7031E1840581CC0B345D26EF4C93F40EA961DE21F961CC08F53742497074040	5
67	second	0103000020E61000000100000005000000F4DE180280C316C0876BB587BD0641406B2920ED7F2014C0C53A55BE67E840402463B5F97FB515C0AE47E17A14A2404089B5F814002319C034F5BA4560DA4040F4DE180280C316C0876BB587BD064140	5
\.


--
-- Data for Name: models_only_irrigation_amount; Type: TABLE DATA; Schema: public; Owner: admin
--

COPY public.models_only_irrigation_amount (id, amount, date, irrigation_system_id_id) FROM stdin;
\.


--
-- Data for Name: models_only_irrigation_system; Type: TABLE DATA; Schema: public; Owner: admin
--

COPY public.models_only_irrigation_system (id, irrigation_type, instalation_date, field_id_id) FROM stdin;
24	Sprinkler irrigation	\N	66
25	Drip	\N	67
\.


--
-- Data for Name: models_only_lidar; Type: TABLE DATA; Schema: public; Owner: admin
--

COPY public.models_only_lidar (id, datetime, test, field_id_id) FROM stdin;
\.


--
-- Data for Name: models_only_maitenance_dates; Type: TABLE DATA; Schema: public; Owner: admin
--

COPY public.models_only_maitenance_dates (id, date, irrigation_system_id_id) FROM stdin;
\.


--
-- Data for Name: models_only_ogimet_stations; Type: TABLE DATA; Schema: public; Owner: admin
--

COPY public.models_only_ogimet_stations (id, station_id, lat, long, location_name) FROM stdin;
1	60060	29.366666666666667	-10.183055555555555	Sidi ifni
2	60101	35.726111111111116	-5.905277777777778	Tanger Aerodrome
3	60106	35.17222222222222	-5.313055555555556	Chefchaouen
4	60115	34.783055555555556	-1.9330555555555553	Oujda
5	60120	34.30027777777777	-6.594444444444444	Kenitra
6	60128	34.39666666666667	-2.8980555555555556	Taourirt
7	60135	34.045833333333334	-6.757777777777778	Rabat-Sale
8	60141	33.9325	-4.974722222222223	Fes-Sais
9	60144	34.22944444444445	-3.943611111111111	Taza Hammou Meftah
10	60150	33.88194444444444	-5.522777777777778	Meknes
11	60155	33.56666666666667	-7.666666666666667	Casablanca
12	60156	33.36666666666667	-7.583055555555555	Nouasseur
13	60158	33.645833333333336	-7.214166666666667	Benslimane
14	60160	33.5	-5.166666666666667	Ifrane
15	60165	33.23305555555556	-8.516666666666667	El Jadida
16	60178	32.86666666666667	-6.966666666666667	Khouribga
17	60185	32.283055555555556	-9.233055555555556	Safi
18	60195	32.683055555555555	-4.733055555555556	Midelt
19	60200	32.56638888888889	-1.7833333333333332	Bouarfa
20	60210	31.93305555555556	-4.4	Errachidia
21	60230	31.616388888888892	-8.033055555555556	Marrakech
22	60253	30.5	-8.816666666666666	Taroudant
23	60265	30.93305555555556	-6.9	Ouarzazate
24	60270	29.68305555555556	-9.733055555555556	Tiznit
25	60280	29.016666666666666	-10.05	Guelmin
26	60285	28.445833333333333	-11.158055555555556	Tan-Tan
27	60340	34.98305555555556	-3.0166666666666666	Nador-Aroui
\.


--
-- Data for Name: models_only_policymaker; Type: TABLE DATA; Schema: public; Owner: admin
--

COPY public.models_only_policymaker (id, first_name, last_name, email, password) FROM stdin;
\.


--
-- Data for Name: models_only_pratique_agricole; Type: TABLE DATA; Schema: public; Owner: admin
--

COPY public.models_only_pratique_agricole (id, types, date_debut, date_fin, quantite, crop_id_id) FROM stdin;
\.


--
-- Data for Name: models_only_remote_sensing; Type: TABLE DATA; Schema: public; Owner: admin
--

COPY public.models_only_remote_sensing (id, datetime, path, "RS_type", source, field_id_id) FROM stdin;
\.


--
-- Data for Name: models_only_searcher; Type: TABLE DATA; Schema: public; Owner: admin
--

COPY public.models_only_searcher (id, first_name, last_name, email, password) FROM stdin;
\.


--
-- Data for Name: models_only_season; Type: TABLE DATA; Schema: public; Owner: admin
--

COPY public.models_only_season (id, start_date, field_id_id) FROM stdin;
10	2018-01-01	66
11	2018-01-01	67
\.


--
-- Data for Name: models_only_soil; Type: TABLE DATA; Schema: public; Owner: admin
--

COPY public.models_only_soil (id, soil_type, field_id_id) FROM stdin;
34	CLAY_LOAM	66
35	SILTY_CLAY	67
\.


--
-- Data for Name: models_only_soil_analysis; Type: TABLE DATA; Schema: public; Owner: admin
--

COPY public.models_only_soil_analysis (id, "PH_eau", "EC_ms_cm", "EC_ms_cm_pate_saturée", "Argile", "Limon", "Sable", "MO", "Nt", "P205", "K20", "Na20", "Na", "Cao", "Ca", "MGo", "Mg", "SAR", "Cu", "Mn", "Fe", "Zn", "NNH4", "NO3", "CI", "BORE", "Caco3", "Caco3_actif_AXB", soil_id_id) FROM stdin;
\.


--
-- Data for Name: models_only_sol_fao_parametre; Type: TABLE DATA; Schema: public; Owner: admin
--

COPY public.models_only_sol_fao_parametre (id, sol, "REW_max", "thetaFC_max", "thetaFC_min", "thetaWP_max", "thetaWP_min", "REW_min") FROM stdin;
1	Sand	7	0.17	0.07	0.07	0.02	2
2	Loamy sand	8	0.17	0.11	0.1	0.03	4
3	Sandy loam	10	0.28	0.18	0.16	0.06	6
4	Loam	10	0.3	0.2	0.17	0.07	8
5	Silt loam	11	0.36	0.22	0.21	0.09	8
6	Silt	11	0.36	0.28	0.22	0.12	8
7	Silt clay loam	11	0.37	0.3	0.24	0.17	8
8	Silty clay	12	0.42	0.3	0.29	0.17	8
9	Clay	12	0.4	0.32	0.24	0.2	8
\.


--
-- Data for Name: models_only_sprinkler_irrigation; Type: TABLE DATA; Schema: public; Owner: admin
--

COPY public.models_only_sprinkler_irrigation (irrigation_system_ptr_id, radius, coverage_area, outflow_rate, number_in_use) FROM stdin;
24	12	32	1	99
\.


--
-- Data for Name: models_only_station; Type: TABLE DATA; Schema: public; Owner: admin
--

COPY public.models_only_station (id, datetime, coordinates, station_type, sensor_type, mesur, field_id_id) FROM stdin;
\.


--
-- Data for Name: models_only_surface_irrigation; Type: TABLE DATA; Schema: public; Owner: admin
--

COPY public.models_only_surface_irrigation (irrigation_system_ptr_id) FROM stdin;
\.


--
-- Data for Name: spatial_ref_sys; Type: TABLE DATA; Schema: public; Owner: admin
--

COPY public.spatial_ref_sys (srid, auth_name, auth_srid, srtext, proj4text) FROM stdin;
\.


--
-- Data for Name: geocode_settings; Type: TABLE DATA; Schema: tiger; Owner: admin
--

COPY tiger.geocode_settings (name, setting, unit, category, short_desc) FROM stdin;
\.


--
-- Data for Name: pagc_gaz; Type: TABLE DATA; Schema: tiger; Owner: admin
--

COPY tiger.pagc_gaz (id, seq, word, stdword, token, is_custom) FROM stdin;
\.


--
-- Data for Name: pagc_lex; Type: TABLE DATA; Schema: tiger; Owner: admin
--

COPY tiger.pagc_lex (id, seq, word, stdword, token, is_custom) FROM stdin;
\.


--
-- Data for Name: pagc_rules; Type: TABLE DATA; Schema: tiger; Owner: admin
--

COPY tiger.pagc_rules (id, rule, is_custom) FROM stdin;
\.


--
-- Data for Name: topology; Type: TABLE DATA; Schema: topology; Owner: admin
--

COPY topology.topology (id, name, srid, "precision", hasz) FROM stdin;
\.


--
-- Data for Name: layer; Type: TABLE DATA; Schema: topology; Owner: admin
--

COPY topology.layer (topology_id, layer_id, schema_name, table_name, feature_column, feature_type, level, child_id) FROM stdin;
\.


--
-- Name: auth_group_id_seq; Type: SEQUENCE SET; Schema: public; Owner: admin
--

SELECT pg_catalog.setval('public.auth_group_id_seq', 1, false);


--
-- Name: auth_group_permissions_id_seq; Type: SEQUENCE SET; Schema: public; Owner: admin
--

SELECT pg_catalog.setval('public.auth_group_permissions_id_seq', 1, false);


--
-- Name: auth_permission_id_seq; Type: SEQUENCE SET; Schema: public; Owner: admin
--

SELECT pg_catalog.setval('public.auth_permission_id_seq', 124, true);


--
-- Name: auth_user_groups_id_seq; Type: SEQUENCE SET; Schema: public; Owner: admin
--

SELECT pg_catalog.setval('public.auth_user_groups_id_seq', 1, false);


--
-- Name: auth_user_id_seq; Type: SEQUENCE SET; Schema: public; Owner: admin
--

SELECT pg_catalog.setval('public.auth_user_id_seq', 5, true);


--
-- Name: auth_user_user_permissions_id_seq; Type: SEQUENCE SET; Schema: public; Owner: admin
--

SELECT pg_catalog.setval('public.auth_user_user_permissions_id_seq', 1, false);


--
-- Name: django_admin_log_id_seq; Type: SEQUENCE SET; Schema: public; Owner: admin
--

SELECT pg_catalog.setval('public.django_admin_log_id_seq', 129, true);


--
-- Name: django_content_type_id_seq; Type: SEQUENCE SET; Schema: public; Owner: admin
--

SELECT pg_catalog.setval('public.django_content_type_id_seq', 29, true);


--
-- Name: django_migrations_id_seq; Type: SEQUENCE SET; Schema: public; Owner: admin
--

SELECT pg_catalog.setval('public.django_migrations_id_seq', 40, true);


--
-- Name: models_only_crop_id_seq; Type: SEQUENCE SET; Schema: public; Owner: admin
--

SELECT pg_catalog.setval('public.models_only_crop_id_seq', 6, true);


--
-- Name: models_only_drone_id_seq; Type: SEQUENCE SET; Schema: public; Owner: admin
--

SELECT pg_catalog.setval('public.models_only_drone_id_seq', 1, false);


--
-- Name: models_only_fao_crop_parametre_id_seq; Type: SEQUENCE SET; Schema: public; Owner: admin
--

SELECT pg_catalog.setval('public.models_only_fao_crop_parametre_id_seq', 54, true);


--
-- Name: models_only_farmer_id_seq; Type: SEQUENCE SET; Schema: public; Owner: admin
--

SELECT pg_catalog.setval('public.models_only_farmer_id_seq', 5, true);


--
-- Name: models_only_field_id_seq; Type: SEQUENCE SET; Schema: public; Owner: admin
--

SELECT pg_catalog.setval('public.models_only_field_id_seq', 67, true);


--
-- Name: models_only_irrigation_amount_id_seq; Type: SEQUENCE SET; Schema: public; Owner: admin
--

SELECT pg_catalog.setval('public.models_only_irrigation_amount_id_seq', 1, true);


--
-- Name: models_only_irrigation_system_id_seq; Type: SEQUENCE SET; Schema: public; Owner: admin
--

SELECT pg_catalog.setval('public.models_only_irrigation_system_id_seq', 25, true);


--
-- Name: models_only_lidar_id_seq; Type: SEQUENCE SET; Schema: public; Owner: admin
--

SELECT pg_catalog.setval('public.models_only_lidar_id_seq', 1, false);


--
-- Name: models_only_maitenance_dates_id_seq; Type: SEQUENCE SET; Schema: public; Owner: admin
--

SELECT pg_catalog.setval('public.models_only_maitenance_dates_id_seq', 1, false);


--
-- Name: models_only_ogimet_stations_id_seq; Type: SEQUENCE SET; Schema: public; Owner: admin
--

SELECT pg_catalog.setval('public.models_only_ogimet_stations_id_seq', 27, true);


--
-- Name: models_only_policymaker_id_seq; Type: SEQUENCE SET; Schema: public; Owner: admin
--

SELECT pg_catalog.setval('public.models_only_policymaker_id_seq', 1, false);


--
-- Name: models_only_pratique_agricole_id_seq; Type: SEQUENCE SET; Schema: public; Owner: admin
--

SELECT pg_catalog.setval('public.models_only_pratique_agricole_id_seq', 1, false);


--
-- Name: models_only_remote_sensing_id_seq; Type: SEQUENCE SET; Schema: public; Owner: admin
--

SELECT pg_catalog.setval('public.models_only_remote_sensing_id_seq', 1, false);


--
-- Name: models_only_searcher_id_seq; Type: SEQUENCE SET; Schema: public; Owner: admin
--

SELECT pg_catalog.setval('public.models_only_searcher_id_seq', 1, false);


--
-- Name: models_only_season_id_seq; Type: SEQUENCE SET; Schema: public; Owner: admin
--

SELECT pg_catalog.setval('public.models_only_season_id_seq', 11, true);


--
-- Name: models_only_soil_analysis_id_seq; Type: SEQUENCE SET; Schema: public; Owner: admin
--

SELECT pg_catalog.setval('public.models_only_soil_analysis_id_seq', 1, false);


--
-- Name: models_only_soil_id_seq; Type: SEQUENCE SET; Schema: public; Owner: admin
--

SELECT pg_catalog.setval('public.models_only_soil_id_seq', 35, true);


--
-- Name: models_only_sol_fao_id_seq; Type: SEQUENCE SET; Schema: public; Owner: admin
--

SELECT pg_catalog.setval('public.models_only_sol_fao_id_seq', 9, true);


--
-- Name: models_only_station_id_seq; Type: SEQUENCE SET; Schema: public; Owner: admin
--

SELECT pg_catalog.setval('public.models_only_station_id_seq', 1, false);


--
-- Name: topology_id_seq; Type: SEQUENCE SET; Schema: topology; Owner: admin
--

SELECT pg_catalog.setval('topology.topology_id_seq', 1, false);


--
-- Name: auth_group auth_group_name_key; Type: CONSTRAINT; Schema: public; Owner: admin
--

ALTER TABLE ONLY public.auth_group
    ADD CONSTRAINT auth_group_name_key UNIQUE (name);


--
-- Name: auth_group_permissions auth_group_permissions_group_id_permission_id_0cd325b0_uniq; Type: CONSTRAINT; Schema: public; Owner: admin
--

ALTER TABLE ONLY public.auth_group_permissions
    ADD CONSTRAINT auth_group_permissions_group_id_permission_id_0cd325b0_uniq UNIQUE (group_id, permission_id);


--
-- Name: auth_group_permissions auth_group_permissions_pkey; Type: CONSTRAINT; Schema: public; Owner: admin
--

ALTER TABLE ONLY public.auth_group_permissions
    ADD CONSTRAINT auth_group_permissions_pkey PRIMARY KEY (id);


--
-- Name: auth_group auth_group_pkey; Type: CONSTRAINT; Schema: public; Owner: admin
--

ALTER TABLE ONLY public.auth_group
    ADD CONSTRAINT auth_group_pkey PRIMARY KEY (id);


--
-- Name: auth_permission auth_permission_content_type_id_codename_01ab375a_uniq; Type: CONSTRAINT; Schema: public; Owner: admin
--

ALTER TABLE ONLY public.auth_permission
    ADD CONSTRAINT auth_permission_content_type_id_codename_01ab375a_uniq UNIQUE (content_type_id, codename);


--
-- Name: auth_permission auth_permission_pkey; Type: CONSTRAINT; Schema: public; Owner: admin
--

ALTER TABLE ONLY public.auth_permission
    ADD CONSTRAINT auth_permission_pkey PRIMARY KEY (id);


--
-- Name: auth_user_groups auth_user_groups_pkey; Type: CONSTRAINT; Schema: public; Owner: admin
--

ALTER TABLE ONLY public.auth_user_groups
    ADD CONSTRAINT auth_user_groups_pkey PRIMARY KEY (id);


--
-- Name: auth_user_groups auth_user_groups_user_id_group_id_94350c0c_uniq; Type: CONSTRAINT; Schema: public; Owner: admin
--

ALTER TABLE ONLY public.auth_user_groups
    ADD CONSTRAINT auth_user_groups_user_id_group_id_94350c0c_uniq UNIQUE (user_id, group_id);


--
-- Name: auth_user auth_user_pkey; Type: CONSTRAINT; Schema: public; Owner: admin
--

ALTER TABLE ONLY public.auth_user
    ADD CONSTRAINT auth_user_pkey PRIMARY KEY (id);


--
-- Name: auth_user_user_permissions auth_user_user_permissions_pkey; Type: CONSTRAINT; Schema: public; Owner: admin
--

ALTER TABLE ONLY public.auth_user_user_permissions
    ADD CONSTRAINT auth_user_user_permissions_pkey PRIMARY KEY (id);


--
-- Name: auth_user_user_permissions auth_user_user_permissions_user_id_permission_id_14a6b632_uniq; Type: CONSTRAINT; Schema: public; Owner: admin
--

ALTER TABLE ONLY public.auth_user_user_permissions
    ADD CONSTRAINT auth_user_user_permissions_user_id_permission_id_14a6b632_uniq UNIQUE (user_id, permission_id);


--
-- Name: auth_user auth_user_username_key; Type: CONSTRAINT; Schema: public; Owner: admin
--

ALTER TABLE ONLY public.auth_user
    ADD CONSTRAINT auth_user_username_key UNIQUE (username);


--
-- Name: django_admin_log django_admin_log_pkey; Type: CONSTRAINT; Schema: public; Owner: admin
--

ALTER TABLE ONLY public.django_admin_log
    ADD CONSTRAINT django_admin_log_pkey PRIMARY KEY (id);


--
-- Name: django_content_type django_content_type_app_label_model_76bd3d3b_uniq; Type: CONSTRAINT; Schema: public; Owner: admin
--

ALTER TABLE ONLY public.django_content_type
    ADD CONSTRAINT django_content_type_app_label_model_76bd3d3b_uniq UNIQUE (app_label, model);


--
-- Name: django_content_type django_content_type_pkey; Type: CONSTRAINT; Schema: public; Owner: admin
--

ALTER TABLE ONLY public.django_content_type
    ADD CONSTRAINT django_content_type_pkey PRIMARY KEY (id);


--
-- Name: django_migrations django_migrations_pkey; Type: CONSTRAINT; Schema: public; Owner: admin
--

ALTER TABLE ONLY public.django_migrations
    ADD CONSTRAINT django_migrations_pkey PRIMARY KEY (id);


--
-- Name: django_session django_session_pkey; Type: CONSTRAINT; Schema: public; Owner: admin
--

ALTER TABLE ONLY public.django_session
    ADD CONSTRAINT django_session_pkey PRIMARY KEY (session_key);


--
-- Name: models_only_crop models_only_crop_pkey; Type: CONSTRAINT; Schema: public; Owner: admin
--

ALTER TABLE ONLY public.models_only_crop
    ADD CONSTRAINT models_only_crop_pkey PRIMARY KEY (id);


--
-- Name: models_only_drip_irrigation models_only_drip_irrigation_pkey; Type: CONSTRAINT; Schema: public; Owner: admin
--

ALTER TABLE ONLY public.models_only_drip_irrigation
    ADD CONSTRAINT models_only_drip_irrigation_pkey PRIMARY KEY (irrigation_system_ptr_id);


--
-- Name: models_only_drone models_only_drone_pkey; Type: CONSTRAINT; Schema: public; Owner: admin
--

ALTER TABLE ONLY public.models_only_drone
    ADD CONSTRAINT models_only_drone_pkey PRIMARY KEY (id);


--
-- Name: models_only_fao_crop_parametre models_only_fao_crop_parametre_pkey; Type: CONSTRAINT; Schema: public; Owner: admin
--

ALTER TABLE ONLY public.models_only_fao_crop_parametre
    ADD CONSTRAINT models_only_fao_crop_parametre_pkey PRIMARY KEY (id);


--
-- Name: models_only_farmer models_only_farmer_email_key; Type: CONSTRAINT; Schema: public; Owner: admin
--

ALTER TABLE ONLY public.models_only_farmer
    ADD CONSTRAINT models_only_farmer_email_key UNIQUE (email);


--
-- Name: models_only_farmer models_only_farmer_pkey; Type: CONSTRAINT; Schema: public; Owner: admin
--

ALTER TABLE ONLY public.models_only_farmer
    ADD CONSTRAINT models_only_farmer_pkey PRIMARY KEY (id);


--
-- Name: models_only_field models_only_field_pkey; Type: CONSTRAINT; Schema: public; Owner: admin
--

ALTER TABLE ONLY public.models_only_field
    ADD CONSTRAINT models_only_field_pkey PRIMARY KEY (id);


--
-- Name: models_only_irrigation_amount models_only_irrigation_amount_pkey; Type: CONSTRAINT; Schema: public; Owner: admin
--

ALTER TABLE ONLY public.models_only_irrigation_amount
    ADD CONSTRAINT models_only_irrigation_amount_pkey PRIMARY KEY (id);


--
-- Name: models_only_irrigation_system models_only_irrigation_system_pkey; Type: CONSTRAINT; Schema: public; Owner: admin
--

ALTER TABLE ONLY public.models_only_irrigation_system
    ADD CONSTRAINT models_only_irrigation_system_pkey PRIMARY KEY (id);


--
-- Name: models_only_lidar models_only_lidar_pkey; Type: CONSTRAINT; Schema: public; Owner: admin
--

ALTER TABLE ONLY public.models_only_lidar
    ADD CONSTRAINT models_only_lidar_pkey PRIMARY KEY (id);


--
-- Name: models_only_maitenance_dates models_only_maitenance_dates_pkey; Type: CONSTRAINT; Schema: public; Owner: admin
--

ALTER TABLE ONLY public.models_only_maitenance_dates
    ADD CONSTRAINT models_only_maitenance_dates_pkey PRIMARY KEY (id);


--
-- Name: models_only_ogimet_stations models_only_ogimet_stations_pkey; Type: CONSTRAINT; Schema: public; Owner: admin
--

ALTER TABLE ONLY public.models_only_ogimet_stations
    ADD CONSTRAINT models_only_ogimet_stations_pkey PRIMARY KEY (id);


--
-- Name: models_only_policymaker models_only_policymaker_email_key; Type: CONSTRAINT; Schema: public; Owner: admin
--

ALTER TABLE ONLY public.models_only_policymaker
    ADD CONSTRAINT models_only_policymaker_email_key UNIQUE (email);


--
-- Name: models_only_policymaker models_only_policymaker_pkey; Type: CONSTRAINT; Schema: public; Owner: admin
--

ALTER TABLE ONLY public.models_only_policymaker
    ADD CONSTRAINT models_only_policymaker_pkey PRIMARY KEY (id);


--
-- Name: models_only_pratique_agricole models_only_pratique_agricole_pkey; Type: CONSTRAINT; Schema: public; Owner: admin
--

ALTER TABLE ONLY public.models_only_pratique_agricole
    ADD CONSTRAINT models_only_pratique_agricole_pkey PRIMARY KEY (id);


--
-- Name: models_only_remote_sensing models_only_remote_sensing_pkey; Type: CONSTRAINT; Schema: public; Owner: admin
--

ALTER TABLE ONLY public.models_only_remote_sensing
    ADD CONSTRAINT models_only_remote_sensing_pkey PRIMARY KEY (id);


--
-- Name: models_only_searcher models_only_searcher_email_key; Type: CONSTRAINT; Schema: public; Owner: admin
--

ALTER TABLE ONLY public.models_only_searcher
    ADD CONSTRAINT models_only_searcher_email_key UNIQUE (email);


--
-- Name: models_only_searcher models_only_searcher_pkey; Type: CONSTRAINT; Schema: public; Owner: admin
--

ALTER TABLE ONLY public.models_only_searcher
    ADD CONSTRAINT models_only_searcher_pkey PRIMARY KEY (id);


--
-- Name: models_only_season models_only_season_pkey; Type: CONSTRAINT; Schema: public; Owner: admin
--

ALTER TABLE ONLY public.models_only_season
    ADD CONSTRAINT models_only_season_pkey PRIMARY KEY (id);


--
-- Name: models_only_soil_analysis models_only_soil_analysis_pkey; Type: CONSTRAINT; Schema: public; Owner: admin
--

ALTER TABLE ONLY public.models_only_soil_analysis
    ADD CONSTRAINT models_only_soil_analysis_pkey PRIMARY KEY (id);


--
-- Name: models_only_soil models_only_soil_pkey; Type: CONSTRAINT; Schema: public; Owner: admin
--

ALTER TABLE ONLY public.models_only_soil
    ADD CONSTRAINT models_only_soil_pkey PRIMARY KEY (id);


--
-- Name: models_only_sol_fao_parametre models_only_sol_fao_pkey; Type: CONSTRAINT; Schema: public; Owner: admin
--

ALTER TABLE ONLY public.models_only_sol_fao_parametre
    ADD CONSTRAINT models_only_sol_fao_pkey PRIMARY KEY (id);


--
-- Name: models_only_sprinkler_irrigation models_only_sprinkler_irrigation_pkey; Type: CONSTRAINT; Schema: public; Owner: admin
--

ALTER TABLE ONLY public.models_only_sprinkler_irrigation
    ADD CONSTRAINT models_only_sprinkler_irrigation_pkey PRIMARY KEY (irrigation_system_ptr_id);


--
-- Name: models_only_station models_only_station_pkey; Type: CONSTRAINT; Schema: public; Owner: admin
--

ALTER TABLE ONLY public.models_only_station
    ADD CONSTRAINT models_only_station_pkey PRIMARY KEY (id);


--
-- Name: models_only_surface_irrigation models_only_surface_irrigation_pkey; Type: CONSTRAINT; Schema: public; Owner: admin
--

ALTER TABLE ONLY public.models_only_surface_irrigation
    ADD CONSTRAINT models_only_surface_irrigation_pkey PRIMARY KEY (irrigation_system_ptr_id);


--
-- Name: auth_group_name_a6ea08ec_like; Type: INDEX; Schema: public; Owner: admin
--

CREATE INDEX auth_group_name_a6ea08ec_like ON public.auth_group USING btree (name varchar_pattern_ops);


--
-- Name: auth_group_permissions_group_id_b120cbf9; Type: INDEX; Schema: public; Owner: admin
--

CREATE INDEX auth_group_permissions_group_id_b120cbf9 ON public.auth_group_permissions USING btree (group_id);


--
-- Name: auth_group_permissions_permission_id_84c5c92e; Type: INDEX; Schema: public; Owner: admin
--

CREATE INDEX auth_group_permissions_permission_id_84c5c92e ON public.auth_group_permissions USING btree (permission_id);


--
-- Name: auth_permission_content_type_id_2f476e4b; Type: INDEX; Schema: public; Owner: admin
--

CREATE INDEX auth_permission_content_type_id_2f476e4b ON public.auth_permission USING btree (content_type_id);


--
-- Name: auth_user_groups_group_id_97559544; Type: INDEX; Schema: public; Owner: admin
--

CREATE INDEX auth_user_groups_group_id_97559544 ON public.auth_user_groups USING btree (group_id);


--
-- Name: auth_user_groups_user_id_6a12ed8b; Type: INDEX; Schema: public; Owner: admin
--

CREATE INDEX auth_user_groups_user_id_6a12ed8b ON public.auth_user_groups USING btree (user_id);


--
-- Name: auth_user_user_permissions_permission_id_1fbb5f2c; Type: INDEX; Schema: public; Owner: admin
--

CREATE INDEX auth_user_user_permissions_permission_id_1fbb5f2c ON public.auth_user_user_permissions USING btree (permission_id);


--
-- Name: auth_user_user_permissions_user_id_a95ead1b; Type: INDEX; Schema: public; Owner: admin
--

CREATE INDEX auth_user_user_permissions_user_id_a95ead1b ON public.auth_user_user_permissions USING btree (user_id);


--
-- Name: auth_user_username_6821ab7c_like; Type: INDEX; Schema: public; Owner: admin
--

CREATE INDEX auth_user_username_6821ab7c_like ON public.auth_user USING btree (username varchar_pattern_ops);


--
-- Name: django_admin_log_content_type_id_c4bce8eb; Type: INDEX; Schema: public; Owner: admin
--

CREATE INDEX django_admin_log_content_type_id_c4bce8eb ON public.django_admin_log USING btree (content_type_id);


--
-- Name: django_admin_log_user_id_c564eba6; Type: INDEX; Schema: public; Owner: admin
--

CREATE INDEX django_admin_log_user_id_c564eba6 ON public.django_admin_log USING btree (user_id);


--
-- Name: django_session_expire_date_a5c62663; Type: INDEX; Schema: public; Owner: admin
--

CREATE INDEX django_session_expire_date_a5c62663 ON public.django_session USING btree (expire_date);


--
-- Name: django_session_session_key_c0390e0f_like; Type: INDEX; Schema: public; Owner: admin
--

CREATE INDEX django_session_session_key_c0390e0f_like ON public.django_session USING btree (session_key varchar_pattern_ops);


--
-- Name: models_only_crop_saison_id_id_af0d403c; Type: INDEX; Schema: public; Owner: admin
--

CREATE INDEX models_only_crop_saison_id_id_af0d403c ON public.models_only_crop USING btree ("Season_id");


--
-- Name: models_only_drone_field_id_id_7d7a353a; Type: INDEX; Schema: public; Owner: admin
--

CREATE INDEX models_only_drone_field_id_id_7d7a353a ON public.models_only_drone USING btree (field_id_id);


--
-- Name: models_only_farmer_email_fe3ca5f3_like; Type: INDEX; Schema: public; Owner: admin
--

CREATE INDEX models_only_farmer_email_fe3ca5f3_like ON public.models_only_farmer USING btree (email varchar_pattern_ops);


--
-- Name: models_only_field_boundaries_e31ea8a1_id; Type: INDEX; Schema: public; Owner: admin
--

CREATE INDEX models_only_field_boundaries_e31ea8a1_id ON public.models_only_field USING gist (boundaries);


--
-- Name: models_only_field_user_id_id_72189ddc; Type: INDEX; Schema: public; Owner: admin
--

CREATE INDEX models_only_field_user_id_id_72189ddc ON public.models_only_field USING btree (user_id_id);


--
-- Name: models_only_irrigation_amount_irrigation_system_id_id_7b864f7c; Type: INDEX; Schema: public; Owner: admin
--

CREATE INDEX models_only_irrigation_amount_irrigation_system_id_id_7b864f7c ON public.models_only_irrigation_amount USING btree (irrigation_system_id_id);


--
-- Name: models_only_irrigation_system_field_id_id_6b759e9b; Type: INDEX; Schema: public; Owner: admin
--

CREATE INDEX models_only_irrigation_system_field_id_id_6b759e9b ON public.models_only_irrigation_system USING btree (field_id_id);


--
-- Name: models_only_lidar_field_id_id_af109080; Type: INDEX; Schema: public; Owner: admin
--

CREATE INDEX models_only_lidar_field_id_id_af109080 ON public.models_only_lidar USING btree (field_id_id);


--
-- Name: models_only_maitenance_dates_irrigation_system_id_id_5a1eb17f; Type: INDEX; Schema: public; Owner: admin
--

CREATE INDEX models_only_maitenance_dates_irrigation_system_id_id_5a1eb17f ON public.models_only_maitenance_dates USING btree (irrigation_system_id_id);


--
-- Name: models_only_policymaker_email_df77fcb9_like; Type: INDEX; Schema: public; Owner: admin
--

CREATE INDEX models_only_policymaker_email_df77fcb9_like ON public.models_only_policymaker USING btree (email varchar_pattern_ops);


--
-- Name: models_only_pratique_agricole_crop_id_id_0d8259d4; Type: INDEX; Schema: public; Owner: admin
--

CREATE INDEX models_only_pratique_agricole_crop_id_id_0d8259d4 ON public.models_only_pratique_agricole USING btree (crop_id_id);


--
-- Name: models_only_remote_sensing_field_id_id_0a523bd3; Type: INDEX; Schema: public; Owner: admin
--

CREATE INDEX models_only_remote_sensing_field_id_id_0a523bd3 ON public.models_only_remote_sensing USING btree (field_id_id);


--
-- Name: models_only_searcher_email_bf5272b9_like; Type: INDEX; Schema: public; Owner: admin
--

CREATE INDEX models_only_searcher_email_bf5272b9_like ON public.models_only_searcher USING btree (email varchar_pattern_ops);


--
-- Name: models_only_season_field_id_id_8d0db8e9; Type: INDEX; Schema: public; Owner: admin
--

CREATE INDEX models_only_season_field_id_id_8d0db8e9 ON public.models_only_season USING btree (field_id_id);


--
-- Name: models_only_soil_analysis_soil_id_id_49cbcca2; Type: INDEX; Schema: public; Owner: admin
--

CREATE INDEX models_only_soil_analysis_soil_id_id_49cbcca2 ON public.models_only_soil_analysis USING btree (soil_id_id);


--
-- Name: models_only_soil_field_id_id_3713c823; Type: INDEX; Schema: public; Owner: admin
--

CREATE INDEX models_only_soil_field_id_id_3713c823 ON public.models_only_soil USING btree (field_id_id);


--
-- Name: models_only_station_field_id_id_522078dd; Type: INDEX; Schema: public; Owner: admin
--

CREATE INDEX models_only_station_field_id_id_522078dd ON public.models_only_station USING btree (field_id_id);


--
-- Name: auth_group_permissions auth_group_permissio_permission_id_84c5c92e_fk_auth_perm; Type: FK CONSTRAINT; Schema: public; Owner: admin
--

ALTER TABLE ONLY public.auth_group_permissions
    ADD CONSTRAINT auth_group_permissio_permission_id_84c5c92e_fk_auth_perm FOREIGN KEY (permission_id) REFERENCES public.auth_permission(id) DEFERRABLE INITIALLY DEFERRED;


--
-- Name: auth_group_permissions auth_group_permissions_group_id_b120cbf9_fk_auth_group_id; Type: FK CONSTRAINT; Schema: public; Owner: admin
--

ALTER TABLE ONLY public.auth_group_permissions
    ADD CONSTRAINT auth_group_permissions_group_id_b120cbf9_fk_auth_group_id FOREIGN KEY (group_id) REFERENCES public.auth_group(id) DEFERRABLE INITIALLY DEFERRED;


--
-- Name: auth_permission auth_permission_content_type_id_2f476e4b_fk_django_co; Type: FK CONSTRAINT; Schema: public; Owner: admin
--

ALTER TABLE ONLY public.auth_permission
    ADD CONSTRAINT auth_permission_content_type_id_2f476e4b_fk_django_co FOREIGN KEY (content_type_id) REFERENCES public.django_content_type(id) DEFERRABLE INITIALLY DEFERRED;


--
-- Name: auth_user_groups auth_user_groups_group_id_97559544_fk_auth_group_id; Type: FK CONSTRAINT; Schema: public; Owner: admin
--

ALTER TABLE ONLY public.auth_user_groups
    ADD CONSTRAINT auth_user_groups_group_id_97559544_fk_auth_group_id FOREIGN KEY (group_id) REFERENCES public.auth_group(id) DEFERRABLE INITIALLY DEFERRED;


--
-- Name: auth_user_groups auth_user_groups_user_id_6a12ed8b_fk_auth_user_id; Type: FK CONSTRAINT; Schema: public; Owner: admin
--

ALTER TABLE ONLY public.auth_user_groups
    ADD CONSTRAINT auth_user_groups_user_id_6a12ed8b_fk_auth_user_id FOREIGN KEY (user_id) REFERENCES public.auth_user(id) DEFERRABLE INITIALLY DEFERRED;


--
-- Name: auth_user_user_permissions auth_user_user_permi_permission_id_1fbb5f2c_fk_auth_perm; Type: FK CONSTRAINT; Schema: public; Owner: admin
--

ALTER TABLE ONLY public.auth_user_user_permissions
    ADD CONSTRAINT auth_user_user_permi_permission_id_1fbb5f2c_fk_auth_perm FOREIGN KEY (permission_id) REFERENCES public.auth_permission(id) DEFERRABLE INITIALLY DEFERRED;


--
-- Name: auth_user_user_permissions auth_user_user_permissions_user_id_a95ead1b_fk_auth_user_id; Type: FK CONSTRAINT; Schema: public; Owner: admin
--

ALTER TABLE ONLY public.auth_user_user_permissions
    ADD CONSTRAINT auth_user_user_permissions_user_id_a95ead1b_fk_auth_user_id FOREIGN KEY (user_id) REFERENCES public.auth_user(id) DEFERRABLE INITIALLY DEFERRED;


--
-- Name: django_admin_log django_admin_log_content_type_id_c4bce8eb_fk_django_co; Type: FK CONSTRAINT; Schema: public; Owner: admin
--

ALTER TABLE ONLY public.django_admin_log
    ADD CONSTRAINT django_admin_log_content_type_id_c4bce8eb_fk_django_co FOREIGN KEY (content_type_id) REFERENCES public.django_content_type(id) DEFERRABLE INITIALLY DEFERRED;


--
-- Name: django_admin_log django_admin_log_user_id_c564eba6_fk_auth_user_id; Type: FK CONSTRAINT; Schema: public; Owner: admin
--

ALTER TABLE ONLY public.django_admin_log
    ADD CONSTRAINT django_admin_log_user_id_c564eba6_fk_auth_user_id FOREIGN KEY (user_id) REFERENCES public.auth_user(id) DEFERRABLE INITIALLY DEFERRED;


--
-- Name: models_only_crop models_only_crop_Season_id_05029c8e_fk_models_only_season_id; Type: FK CONSTRAINT; Schema: public; Owner: admin
--

ALTER TABLE ONLY public.models_only_crop
    ADD CONSTRAINT "models_only_crop_Season_id_05029c8e_fk_models_only_season_id" FOREIGN KEY ("Season_id") REFERENCES public.models_only_season(id) DEFERRABLE INITIALLY DEFERRED;


--
-- Name: models_only_drip_irrigation models_only_drip_irr_irrigation_system_pt_9541e287_fk_models_on; Type: FK CONSTRAINT; Schema: public; Owner: admin
--

ALTER TABLE ONLY public.models_only_drip_irrigation
    ADD CONSTRAINT models_only_drip_irr_irrigation_system_pt_9541e287_fk_models_on FOREIGN KEY (irrigation_system_ptr_id) REFERENCES public.models_only_irrigation_system(id) DEFERRABLE INITIALLY DEFERRED;


--
-- Name: models_only_drone models_only_drone_field_id_id_7d7a353a_fk_models_only_field_id; Type: FK CONSTRAINT; Schema: public; Owner: admin
--

ALTER TABLE ONLY public.models_only_drone
    ADD CONSTRAINT models_only_drone_field_id_id_7d7a353a_fk_models_only_field_id FOREIGN KEY (field_id_id) REFERENCES public.models_only_field(id) DEFERRABLE INITIALLY DEFERRED;


--
-- Name: models_only_field models_only_field_user_id_id_72189ddc_fk_models_only_farmer_id; Type: FK CONSTRAINT; Schema: public; Owner: admin
--

ALTER TABLE ONLY public.models_only_field
    ADD CONSTRAINT models_only_field_user_id_id_72189ddc_fk_models_only_farmer_id FOREIGN KEY (user_id_id) REFERENCES public.models_only_farmer(id) DEFERRABLE INITIALLY DEFERRED;


--
-- Name: models_only_irrigation_system models_only_irrigati_field_id_id_6b759e9b_fk_models_on; Type: FK CONSTRAINT; Schema: public; Owner: admin
--

ALTER TABLE ONLY public.models_only_irrigation_system
    ADD CONSTRAINT models_only_irrigati_field_id_id_6b759e9b_fk_models_on FOREIGN KEY (field_id_id) REFERENCES public.models_only_field(id) DEFERRABLE INITIALLY DEFERRED;


--
-- Name: models_only_irrigation_amount models_only_irrigati_irrigation_system_id_7b864f7c_fk_models_on; Type: FK CONSTRAINT; Schema: public; Owner: admin
--

ALTER TABLE ONLY public.models_only_irrigation_amount
    ADD CONSTRAINT models_only_irrigati_irrigation_system_id_7b864f7c_fk_models_on FOREIGN KEY (irrigation_system_id_id) REFERENCES public.models_only_irrigation_system(id) DEFERRABLE INITIALLY DEFERRED;


--
-- Name: models_only_lidar models_only_lidar_field_id_id_af109080_fk_models_only_field_id; Type: FK CONSTRAINT; Schema: public; Owner: admin
--

ALTER TABLE ONLY public.models_only_lidar
    ADD CONSTRAINT models_only_lidar_field_id_id_af109080_fk_models_only_field_id FOREIGN KEY (field_id_id) REFERENCES public.models_only_field(id) DEFERRABLE INITIALLY DEFERRED;


--
-- Name: models_only_maitenance_dates models_only_maitenan_irrigation_system_id_5a1eb17f_fk_models_on; Type: FK CONSTRAINT; Schema: public; Owner: admin
--

ALTER TABLE ONLY public.models_only_maitenance_dates
    ADD CONSTRAINT models_only_maitenan_irrigation_system_id_5a1eb17f_fk_models_on FOREIGN KEY (irrigation_system_id_id) REFERENCES public.models_only_irrigation_system(id) DEFERRABLE INITIALLY DEFERRED;


--
-- Name: models_only_pratique_agricole models_only_pratique_crop_id_id_0d8259d4_fk_models_on; Type: FK CONSTRAINT; Schema: public; Owner: admin
--

ALTER TABLE ONLY public.models_only_pratique_agricole
    ADD CONSTRAINT models_only_pratique_crop_id_id_0d8259d4_fk_models_on FOREIGN KEY (crop_id_id) REFERENCES public.models_only_crop(id) DEFERRABLE INITIALLY DEFERRED;


--
-- Name: models_only_remote_sensing models_only_remote_s_field_id_id_0a523bd3_fk_models_on; Type: FK CONSTRAINT; Schema: public; Owner: admin
--

ALTER TABLE ONLY public.models_only_remote_sensing
    ADD CONSTRAINT models_only_remote_s_field_id_id_0a523bd3_fk_models_on FOREIGN KEY (field_id_id) REFERENCES public.models_only_field(id) DEFERRABLE INITIALLY DEFERRED;


--
-- Name: models_only_season models_only_season_field_id_id_8d0db8e9_fk_models_only_field_id; Type: FK CONSTRAINT; Schema: public; Owner: admin
--

ALTER TABLE ONLY public.models_only_season
    ADD CONSTRAINT models_only_season_field_id_id_8d0db8e9_fk_models_only_field_id FOREIGN KEY (field_id_id) REFERENCES public.models_only_field(id) DEFERRABLE INITIALLY DEFERRED;


--
-- Name: models_only_soil_analysis models_only_soil_ana_soil_id_id_49cbcca2_fk_models_on; Type: FK CONSTRAINT; Schema: public; Owner: admin
--

ALTER TABLE ONLY public.models_only_soil_analysis
    ADD CONSTRAINT models_only_soil_ana_soil_id_id_49cbcca2_fk_models_on FOREIGN KEY (soil_id_id) REFERENCES public.models_only_soil(id) DEFERRABLE INITIALLY DEFERRED;


--
-- Name: models_only_soil models_only_soil_field_id_id_3713c823_fk_models_only_field_id; Type: FK CONSTRAINT; Schema: public; Owner: admin
--

ALTER TABLE ONLY public.models_only_soil
    ADD CONSTRAINT models_only_soil_field_id_id_3713c823_fk_models_only_field_id FOREIGN KEY (field_id_id) REFERENCES public.models_only_field(id) DEFERRABLE INITIALLY DEFERRED;


--
-- Name: models_only_sprinkler_irrigation models_only_sprinkle_irrigation_system_pt_be609adf_fk_models_on; Type: FK CONSTRAINT; Schema: public; Owner: admin
--

ALTER TABLE ONLY public.models_only_sprinkler_irrigation
    ADD CONSTRAINT models_only_sprinkle_irrigation_system_pt_be609adf_fk_models_on FOREIGN KEY (irrigation_system_ptr_id) REFERENCES public.models_only_irrigation_system(id) DEFERRABLE INITIALLY DEFERRED;


--
-- Name: models_only_station models_only_station_field_id_id_522078dd_fk_models_on; Type: FK CONSTRAINT; Schema: public; Owner: admin
--

ALTER TABLE ONLY public.models_only_station
    ADD CONSTRAINT models_only_station_field_id_id_522078dd_fk_models_on FOREIGN KEY (field_id_id) REFERENCES public.models_only_field(id) DEFERRABLE INITIALLY DEFERRED;


--
-- Name: models_only_surface_irrigation models_only_surface__irrigation_system_pt_815e08cd_fk_models_on; Type: FK CONSTRAINT; Schema: public; Owner: admin
--

ALTER TABLE ONLY public.models_only_surface_irrigation
    ADD CONSTRAINT models_only_surface__irrigation_system_pt_815e08cd_fk_models_on FOREIGN KEY (irrigation_system_ptr_id) REFERENCES public.models_only_irrigation_system(id) DEFERRABLE INITIALLY DEFERRED;


--
-- PostgreSQL database dump complete
--

