--
-- PostgreSQL database dump
--

-- Dumped from database version 16.4 (Debian 16.4-1.pgdg110+2)
-- Dumped by pg_dump version 16.4 (Debian 16.4-1.pgdg110+2)

SET statement_timeout = 0;
SET lock_timeout = 0;
SET idle_in_transaction_session_timeout = 0;
SET client_encoding = 'UTF8';
SET standard_conforming_strings = on;
SELECT pg_catalog.set_config('search_path', '', false);
SET check_function_bodies = false;
SET xmloption = content;
SET client_min_messages = warning;
SET row_security = off;

SET default_tablespace = '';

SET default_table_access_method = heap;

--
-- Name: models_only_aquacrop_output; Type: TABLE; Schema: public; Owner: admin
--

CREATE TABLE public.models_only_aquacrop_output (
    id bigint NOT NULL,
    date date,
    "IrrDay" double precision NOT NULL,
    "Tr" double precision NOT NULL,
    "DeepPerc" double precision NOT NULL,
    "Es" double precision NOT NULL,
    "Th1" double precision NOT NULL,
    "Th2" double precision NOT NULL,
    th3 double precision NOT NULL,
    gdd_cum double precision NOT NULL,
    canopy_cover double precision NOT NULL,
    biomass double precision NOT NULL,
    z_root double precision NOT NULL,
    "DryYield" double precision NOT NULL,
    "FreshYield" double precision NOT NULL,
    harvest_index double precision NOT NULL,
    "ET" double precision NOT NULL,
    field_id_id bigint NOT NULL
);


ALTER TABLE public.models_only_aquacrop_output OWNER TO admin;

--
-- Name: models_only_aquacrop_output_id_seq; Type: SEQUENCE; Schema: public; Owner: admin
--

ALTER TABLE public.models_only_aquacrop_output ALTER COLUMN id ADD GENERATED BY DEFAULT AS IDENTITY (
    SEQUENCE NAME public.models_only_aquacrop_output_id_seq
    START WITH 1
    INCREMENT BY 1
    NO MINVALUE
    NO MAXVALUE
    CACHE 1
);


--
-- Name: models_only_crop; Type: TABLE; Schema: public; Owner: admin
--

CREATE TABLE public.models_only_crop (
    id bigint NOT NULL,
    "Crop" character varying(30),
    "Crop_planting_date" date,
    "Tree" character varying(30),
    "Tree_planting_date" date,
    field_id_id bigint NOT NULL
);


ALTER TABLE public.models_only_crop OWNER TO admin;

--
-- Name: models_only_crop_id_seq; Type: SEQUENCE; Schema: public; Owner: admin
--

ALTER TABLE public.models_only_crop ALTER COLUMN id ADD GENERATED BY DEFAULT AS IDENTITY (
    SEQUENCE NAME public.models_only_crop_id_seq
    START WITH 1
    INCREMENT BY 1
    NO MINVALUE
    NO MAXVALUE
    CACHE 1
);


--
-- Name: models_only_drone; Type: TABLE; Schema: public; Owner: admin
--

CREATE TABLE public.models_only_drone (
    id bigint NOT NULL,
    datetime date,
    field_id_id bigint
);


ALTER TABLE public.models_only_drone OWNER TO admin;

--
-- Name: models_only_drone_id_seq; Type: SEQUENCE; Schema: public; Owner: admin
--

ALTER TABLE public.models_only_drone ALTER COLUMN id ADD GENERATED BY DEFAULT AS IDENTITY (
    SEQUENCE NAME public.models_only_drone_id_seq
    START WITH 1
    INCREMENT BY 1
    NO MINVALUE
    NO MAXVALUE
    CACHE 1
);


--
-- Name: models_only_fao_output; Type: TABLE; Schema: public; Owner: admin
--

CREATE TABLE public.models_only_fao_output (
    id bigint NOT NULL,
    date date,
    field_id bigint NOT NULL
);


ALTER TABLE public.models_only_fao_output OWNER TO admin;

--
-- Name: models_only_fao_output_id_seq; Type: SEQUENCE; Schema: public; Owner: admin
--

ALTER TABLE public.models_only_fao_output ALTER COLUMN id ADD GENERATED BY DEFAULT AS IDENTITY (
    SEQUENCE NAME public.models_only_fao_output_id_seq
    START WITH 1
    INCREMENT BY 1
    NO MINVALUE
    NO MAXVALUE
    CACHE 1
);


--
-- Name: models_only_farmer; Type: TABLE; Schema: public; Owner: admin
--

CREATE TABLE public.models_only_farmer (
    id bigint NOT NULL,
    first_name character varying(30),
    last_name character varying(30),
    email character varying(50),
    password character varying(128)
);


ALTER TABLE public.models_only_farmer OWNER TO admin;

--
-- Name: models_only_farmer_id_seq; Type: SEQUENCE; Schema: public; Owner: admin
--

ALTER TABLE public.models_only_farmer ALTER COLUMN id ADD GENERATED BY DEFAULT AS IDENTITY (
    SEQUENCE NAME public.models_only_farmer_id_seq
    START WITH 1
    INCREMENT BY 1
    NO MINVALUE
    NO MAXVALUE
    CACHE 1
);


--
-- Name: models_only_field; Type: TABLE; Schema: public; Owner: admin
--

CREATE TABLE public.models_only_field (
    id bigint NOT NULL,
    name character varying(30) NOT NULL,
    boundaries public.geometry(Polygon,4326) NOT NULL,
    user_id_id bigint NOT NULL
);


ALTER TABLE public.models_only_field OWNER TO admin;

--
-- Name: models_only_field_id_seq; Type: SEQUENCE; Schema: public; Owner: admin
--

ALTER TABLE public.models_only_field ALTER COLUMN id ADD GENERATED BY DEFAULT AS IDENTITY (
    SEQUENCE NAME public.models_only_field_id_seq
    START WITH 1
    INCREMENT BY 1
    NO MINVALUE
    NO MAXVALUE
    CACHE 1
);


--
-- Name: models_only_forcast_weather_date; Type: TABLE; Schema: public; Owner: admin
--

CREATE TABLE public.models_only_forcast_weather_date (
    id bigint NOT NULL,
    "Date" timestamp with time zone,
    "T2m" double precision,
    "Ws" double precision,
    "Et0" double precision,
    "Rain" double precision,
    "Rh" double precision,
    "D2m" double precision,
    "Field_id_id" bigint NOT NULL
);


ALTER TABLE public.models_only_forcast_weather_date OWNER TO admin;

--
-- Name: models_only_forcast_weather_date_id_seq; Type: SEQUENCE; Schema: public; Owner: admin
--

ALTER TABLE public.models_only_forcast_weather_date ALTER COLUMN id ADD GENERATED BY DEFAULT AS IDENTITY (
    SEQUENCE NAME public.models_only_forcast_weather_date_id_seq
    START WITH 1
    INCREMENT BY 1
    NO MINVALUE
    NO MAXVALUE
    CACHE 1
);


--
-- Name: models_only_irrigation_system; Type: TABLE; Schema: public; Owner: admin
--

CREATE TABLE public.models_only_irrigation_system (
    id bigint NOT NULL,
    irrigation_type character varying(20) NOT NULL,
    instalation_date date,
    field_id_id bigint NOT NULL
);


ALTER TABLE public.models_only_irrigation_system OWNER TO admin;

--
-- Name: models_only_irrigation_system_id_seq; Type: SEQUENCE; Schema: public; Owner: admin
--

ALTER TABLE public.models_only_irrigation_system ALTER COLUMN id ADD GENERATED BY DEFAULT AS IDENTITY (
    SEQUENCE NAME public.models_only_irrigation_system_id_seq
    START WITH 1
    INCREMENT BY 1
    NO MINVALUE
    NO MAXVALUE
    CACHE 1
);


--
-- Name: models_only_lidar; Type: TABLE; Schema: public; Owner: admin
--

CREATE TABLE public.models_only_lidar (
    id bigint NOT NULL,
    datetime date,
    field_id_id bigint
);


ALTER TABLE public.models_only_lidar OWNER TO admin;

--
-- Name: models_only_lidar_id_seq; Type: SEQUENCE; Schema: public; Owner: admin
--

ALTER TABLE public.models_only_lidar ALTER COLUMN id ADD GENERATED BY DEFAULT AS IDENTITY (
    SEQUENCE NAME public.models_only_lidar_id_seq
    START WITH 1
    INCREMENT BY 1
    NO MINVALUE
    NO MAXVALUE
    CACHE 1
);


--
-- Name: models_only_remote_sensing; Type: TABLE; Schema: public; Owner: admin
--

CREATE TABLE public.models_only_remote_sensing (
    id bigint NOT NULL,
    datetime date,
    path character varying(50) NOT NULL,
    "RS_type" character varying(50) NOT NULL,
    source character varying(50) NOT NULL,
    field_id_id bigint
);


ALTER TABLE public.models_only_remote_sensing OWNER TO admin;

--
-- Name: models_only_remote_sensing_id_seq; Type: SEQUENCE; Schema: public; Owner: admin
--

ALTER TABLE public.models_only_remote_sensing ALTER COLUMN id ADD GENERATED BY DEFAULT AS IDENTITY (
    SEQUENCE NAME public.models_only_remote_sensing_id_seq
    START WITH 1
    INCREMENT BY 1
    NO MINVALUE
    NO MAXVALUE
    CACHE 1
);


--
-- Name: models_only_soil; Type: TABLE; Schema: public; Owner: admin
--

CREATE TABLE public.models_only_soil (
    id bigint NOT NULL,
    soil_input_method character varying(20) NOT NULL,
    soil_type character varying(20),
    sand_percentage integer,
    silt_percentage integer,
    clay_percentage integer,
    field_id_id bigint NOT NULL
);


ALTER TABLE public.models_only_soil OWNER TO admin;

--
-- Name: models_only_soil_id_seq; Type: SEQUENCE; Schema: public; Owner: admin
--

ALTER TABLE public.models_only_soil ALTER COLUMN id ADD GENERATED BY DEFAULT AS IDENTITY (
    SEQUENCE NAME public.models_only_soil_id_seq
    START WITH 1
    INCREMENT BY 1
    NO MINVALUE
    NO MAXVALUE
    CACHE 1
);


--
-- Name: models_only_station; Type: TABLE; Schema: public; Owner: admin
--

CREATE TABLE public.models_only_station (
    id bigint NOT NULL,
    datetime date,
    coordinates character varying(50) NOT NULL,
    station_type character varying(20) NOT NULL,
    sensor_type character varying(20) NOT NULL,
    mesur integer NOT NULL,
    field_id_id bigint
);


ALTER TABLE public.models_only_station OWNER TO admin;

--
-- Name: models_only_station_id_seq; Type: SEQUENCE; Schema: public; Owner: admin
--

ALTER TABLE public.models_only_station ALTER COLUMN id ADD GENERATED BY DEFAULT AS IDENTITY (
    SEQUENCE NAME public.models_only_station_id_seq
    START WITH 1
    INCREMENT BY 1
    NO MINVALUE
    NO MAXVALUE
    CACHE 1
);


--
-- Name: models_only_weather_date; Type: TABLE; Schema: public; Owner: admin
--

CREATE TABLE public.models_only_weather_date (
    id bigint NOT NULL,
    "Date" timestamp with time zone,
    "T2m" double precision,
    "Ws" double precision,
    "Et0" double precision,
    "Rain" double precision,
    "Rh" double precision,
    "D2m" double precision,
    "Field_id_id" bigint NOT NULL
);


ALTER TABLE public.models_only_weather_date OWNER TO admin;

--
-- Name: models_only_weather_date_id_seq; Type: SEQUENCE; Schema: public; Owner: admin
--

ALTER TABLE public.models_only_weather_date ALTER COLUMN id ADD GENERATED BY DEFAULT AS IDENTITY (
    SEQUENCE NAME public.models_only_weather_date_id_seq
    START WITH 1
    INCREMENT BY 1
    NO MINVALUE
    NO MAXVALUE
    CACHE 1
);


--
-- Data for Name: models_only_aquacrop_output; Type: TABLE DATA; Schema: public; Owner: admin
--

COPY public.models_only_aquacrop_output (id, date, "IrrDay", "Tr", "DeepPerc", "Es", "Th1", "Th2", th3, gdd_cum, canopy_cover, biomass, z_root, "DryYield", "FreshYield", harvest_index, "ET", field_id_id) FROM stdin;
\.


--
-- Data for Name: models_only_crop; Type: TABLE DATA; Schema: public; Owner: admin
--

COPY public.models_only_crop (id, "Crop", "Crop_planting_date", "Tree", "Tree_planting_date", field_id_id) FROM stdin;
12	Carrots	2015-01-01		2015-01-01	12
13	Winter Wheat	2024-12-17		2024-12-17	15
14	Winter Wheat	2024-12-17		2024-12-17	16
15	Winter Wheat	2024-12-17		2024-12-17	17
16	Winter Wheat	2024-12-17		2024-12-17	18
17	Winter Wheat	2024-12-17		2024-12-17	19
18	Winter Wheat	2024-12-17		2024-12-17	20
19	Winter Wheat	2024-12-17		2024-12-17	21
20	Winter Wheat	2024-12-17		2024-12-17	22
21	barley	2024-12-17	\N	2024-12-17	23
22	Barley	2024-12-17		2024-12-17	24
23	Barley	2024-12-17		2024-12-17	25
24	Barley	2024-12-17		2024-12-17	26
25	Barley	2024-12-17		2024-12-17	27
26	Winter Wheat	2024-12-17		2024-12-17	28
27	Winter Wheat	2024-12-17		2024-12-17	29
28	Carrots	2025-01-01		2025-01-01	30
\.


--
-- Data for Name: models_only_drone; Type: TABLE DATA; Schema: public; Owner: admin
--

COPY public.models_only_drone (id, datetime, field_id_id) FROM stdin;
\.


--
-- Data for Name: models_only_fao_output; Type: TABLE DATA; Schema: public; Owner: admin
--

COPY public.models_only_fao_output (id, date, field_id) FROM stdin;
\.


--
-- Data for Name: models_only_farmer; Type: TABLE DATA; Schema: public; Owner: admin
--

COPY public.models_only_farmer (id, first_name, last_name, email, password) FROM stdin;
1	user	user	user@g.com	pbkdf2_sha256$390000$5FDKraTBFepFXRPUDrBrg0$FGibtOwopJ2CFgp/vpuXfzdXS0bSD5Q5gXpxn0U7gIA=
\.


--
-- Data for Name: models_only_field; Type: TABLE DATA; Schema: public; Owner: admin
--

COPY public.models_only_field (id, name, boundaries, user_id_id) FROM stdin;
12	test	0103000020E61000000100000005000000EDBB22F8DF5A1FC0397D3D5FB3FC3F40A2D0B2EE1F2B1EC08E942D92760B4040EFE714E467E31DC0F775E09C11F13F40774A07EBFF1C1FC0B75D68AED3D03F40EDBB22F8DF5A1FC0397D3D5FB3FC3F40	1
13	E3P2	0103000020E610000001000000060000001EFF058200B91EC0DFE00B93A9AA3F4052D4997B48B81EC019ABCDFFABAA3F40EC6CC83F33B81EC0F1457BBC90AA3F409015FC36C4B81EC0151C5E1091AA3F40DFA5D425E3B81EC04E9B711AA2AA3F401EFF058200B91EC0DFE00B93A9AA3F40	1
15	E3P2	0103000020E6100000010000000600000062BEBC00FBB81EC05C02F04FA9AA3F4025ECDB4944B81EC09C89E942ACAA3F40EC6CC83F33B81EC02C103D2993AA3F40622D3E05C0B81EC062855B3E92AA3F40DFA5D425E3B81EC07171546EA2AA3F4062BEBC00FBB81EC05C02F04FA9AA3F40	1
16	E3P1	0103000020E61000000100000007000000B344679945B81EC09C89E942ACAA3F403753211E89B71EC0F6D4EAABABAA3F40AE9AE7887CB71EC02D95B7239CAA3F402BA4FCA4DAB71EC0F3CAF5B699AA3F404D4C1762F5B71EC01F2E39EE94AA3F401955867137B81EC0D2C43BC093AA3F40B344679945B81EC09C89E942ACAA3F40	1
17	E3P4	0103000020E61000000100000005000000419DF2E846B81EC0F6D4EAABABAA3F40014EEFE2FDB81EC0382C0DFCA8AA3F40560F98874CB91EC073309B00C3AA3F40A704C4245CB81EC03DBB7CEBC3AA3F40419DF2E846B81EC0F6D4EAABABAA3F40	1
18	E3P3	0103000020E61000000100000005000000488AC8B08AB71EC0F6D4EAABABAA3F40E02C25CB49B81EC0C05FCC96ACAA3F40A704C4245CB81EC096067E54C3AA3F40FE2AC0779BB71EC077853E58C6AA3F40488AC8B08AB71EC0F6D4EAABABAA3F40	1
19	E3P6	0103000020E61000000100000005000000C8B60C384BB91EC0BADC60A8C3AA3F407DE882FA96B91EC013622EA9DAAA3F40B2BD16F4DEB81EC0D00A0C59DDAA3F404B5645B8C9B81EC060915F3FC4AA3F40C8B60C384BB91EC0BADC60A8C3AA3F40	1
20	E3P8	0103000020E610000001000000070000004016A243E0B81EC02A560DC2DCAA3F40D46531B1F9B81EC00A0F9A5DF7AA3F4083F755B950B91EC017F19D98F5AA3F405B971AA19FB91EC0BEA59C2FF6AA3F404451A04FE4B91EC0B493C151F2AA3F408E1F2A8D98B91EC013622EA9DAAA3F404016A243E0B81EC02A560DC2DCAA3F40	1
21	E3P7	0103000020E61000000100000008000000D46531B1F9B81EC088307E1AF7AA3F40B2BD16F4DEB81EC07B4E7ADFF8AA3F40F7949C137BB81EC07B4E7ADFF8AA3F40C9ACDEE176B81EC06FB72407ECAA3F40FDA36FD234B81EC0166C239EECAA3F40302C7FBE2DB81EC0F4E0EEACDDAA3F40CE6E2D93E1B81EC04D2CF015DDAA3F40D46531B1F9B81EC088307E1AF7AA3F40	1
22	E3P5	0103000020E61000000100000005000000BE840A0E2FB81EC0BE6BD097DEAA3F40DBFB54151AB81EC006465ED6C4AA3F40EBE5779ACCB81EC060915F3FC4AA3F404016A243E0B81EC02A560DC2DCAA3F40BE840A0E2FB81EC0BE6BD097DEAA3F40	1
23	E2P6	0103000020E61000000100000007000000EC6CC83F33B81EC0166C239EECAA3F408BFCFA2136B81EC0F86F5E9CF8AA3F40D50451F701B81EC0F86F5E9CF8AA3F407BA35698BEB71EC038F7578FFBAA3F4086E3F90CA8B71EC00BD5CDC5DFAA3F40BE840A0E2FB81EC09A95ED43DEAA3F40EC6CC83F33B81EC0166C239EECAA3F40	1
24	E2P5	0103000020E6100000010000000500000009FCE1E7BFB71EC00F643DB5FAAA3F40DCF126BF45B71EC0E200FA7DFFAA3F401BBAD91F28B71EC0A4A7C821E2AA3F4026732CEFAAB71EC00BD5CDC5DFAA3F4009FCE1E7BFB71EC00F643DB5FAAA3F40	1
25	E2P7	0103000020E6100000010000000500000086E3F90CA8B71EC0E7FEEA71DFAA3F402B137EA99FB71EC01D3A3DEFC6AA3F40DBFB54151AB81EC006465ED6C4AA3F40CFBBB1A030B81EC077BF0AF0DDAA3F4086E3F90CA8B71EC0E7FEEA71DFAA3F40	1
26	E2P4	0103000020E6100000010000000500000026732CEFAAB71EC0E7FEEA71DFAA3F40A912656F29B71EC0FEF2C98AE1AA3F405A828C800AB71EC077853E58C6AA3F40BA6B09F9A0B71EC0A0185932C7AA3F4026732CEFAAB71EC0E7FEEA71DFAA3F40	1
27	E2P3	0103000020E610000001000000050000009DBAF2599EB71EC077853E58C6AA3F40D6E253008CB71EC073F6CE68ABAA3F40EE409DF2E8B61EC073F6CE68ABAA3F405A828C800AB71EC077853E58C6AA3F409DBAF2599EB71EC077853E58C6AA3F40	1
28	E2P2	0103000020E61000000100000005000000D6E253008CB71EC073F6CE68ABAA3F4020425C397BB71EC0DCD6169E97AA3F4088D9CBB6D3B61EC0A661F88898AA3F407C992842EAB61EC04F20EC14ABAA3F40D6E253008CB71EC073F6CE68ABAA3F40	1
29	E2P1	0103000020E6100000010000000600000020425C397BB71EC059F8FA5A97AA3F404293C49272B71EC04A0C022B87AA3F402C9ACE4E06B71EC0994528B682AA3F4093196F2BBDB61EC04DDC2A8881AA3F4088D9CBB6D3B61EC02383DC4598AA3F4020425C397BB71EC059F8FA5A97AA3F40	1
30	qq	0103000020E6100000010000000400000053E751F17F171DC095641D8EAEEE3F40C45A7C0A80711DC09DF3531C07E63F409085E81038321DC0E57B462234D63F4053E751F17F171DC095641D8EAEEE3F40	1
\.


--
-- Data for Name: models_only_forcast_weather_date; Type: TABLE DATA; Schema: public; Owner: admin
--

COPY public.models_only_forcast_weather_date (id, "Date", "T2m", "Ws", "Et0", "Rain", "Rh", "D2m", "Field_id_id") FROM stdin;
\.


--
-- Data for Name: models_only_irrigation_system; Type: TABLE DATA; Schema: public; Owner: admin
--

COPY public.models_only_irrigation_system (id, irrigation_type, instalation_date, field_id_id) FROM stdin;
12	Rainfed	\N	12
14	Drip	\N	15
15	Drip	\N	16
16	Drip	\N	17
17	Drip	\N	18
18	Drip	\N	19
19	Drip	\N	20
20	Drip	\N	21
21	Drip	\N	22
22	Drip	\N	23
23	Drip	\N	24
24	Drip	\N	25
25	Drip	\N	26
26	Drip	\N	27
27	Drip	\N	28
28	Drip	\N	29
29	Rainfed	\N	30
\.


--
-- Data for Name: models_only_lidar; Type: TABLE DATA; Schema: public; Owner: admin
--

COPY public.models_only_lidar (id, datetime, field_id_id) FROM stdin;
\.


--
-- Data for Name: models_only_remote_sensing; Type: TABLE DATA; Schema: public; Owner: admin
--

COPY public.models_only_remote_sensing (id, datetime, path, "RS_type", source, field_id_id) FROM stdin;
\.


--
-- Data for Name: models_only_soil; Type: TABLE DATA; Schema: public; Owner: admin
--

COPY public.models_only_soil (id, soil_input_method, soil_type, sand_percentage, silt_percentage, clay_percentage, field_id_id) FROM stdin;
12	selection	SAND	\N	\N	\N	12
29	composition	\N	11	11	11	30
14	composition	\N	36	38	26	15
15	composition	\N	36	38	26	16
16	composition	\N	36	38	26	17
17	composition	\N	36	38	26	18
18	composition	\N	36	38	26	19
19	composition	\N	36	38	26	20
20	composition	\N	36	38	26	21
21	composition	\N	36	38	26	22
22	composition	\N	36	38	26	23
23	composition	\N	36	38	26	24
24	composition	\N	36	38	26	25
25	composition	\N	36	38	26	26
26	composition	\N	36	38	26	27
27	composition	\N	36	38	26	28
28	composition	\N	36	38	26	29
\.


--
-- Data for Name: models_only_station; Type: TABLE DATA; Schema: public; Owner: admin
--

COPY public.models_only_station (id, datetime, coordinates, station_type, sensor_type, mesur, field_id_id) FROM stdin;
\.


--
-- Data for Name: models_only_weather_date; Type: TABLE DATA; Schema: public; Owner: admin
--

COPY public.models_only_weather_date (id, "Date", "T2m", "Ws", "Et0", "Rain", "Rh", "D2m", "Field_id_id") FROM stdin;
\.


--
-- Name: models_only_aquacrop_output_id_seq; Type: SEQUENCE SET; Schema: public; Owner: admin
--

SELECT pg_catalog.setval('public.models_only_aquacrop_output_id_seq', 1, false);


--
-- Name: models_only_crop_id_seq; Type: SEQUENCE SET; Schema: public; Owner: admin
--

SELECT pg_catalog.setval('public.models_only_crop_id_seq', 28, true);


--
-- Name: models_only_drone_id_seq; Type: SEQUENCE SET; Schema: public; Owner: admin
--

SELECT pg_catalog.setval('public.models_only_drone_id_seq', 1, false);


--
-- Name: models_only_fao_output_id_seq; Type: SEQUENCE SET; Schema: public; Owner: admin
--

SELECT pg_catalog.setval('public.models_only_fao_output_id_seq', 1, false);


--
-- Name: models_only_farmer_id_seq; Type: SEQUENCE SET; Schema: public; Owner: admin
--

SELECT pg_catalog.setval('public.models_only_farmer_id_seq', 1, true);


--
-- Name: models_only_field_id_seq; Type: SEQUENCE SET; Schema: public; Owner: admin
--

SELECT pg_catalog.setval('public.models_only_field_id_seq', 30, true);


--
-- Name: models_only_forcast_weather_date_id_seq; Type: SEQUENCE SET; Schema: public; Owner: admin
--

SELECT pg_catalog.setval('public.models_only_forcast_weather_date_id_seq', 1, false);


--
-- Name: models_only_irrigation_system_id_seq; Type: SEQUENCE SET; Schema: public; Owner: admin
--

SELECT pg_catalog.setval('public.models_only_irrigation_system_id_seq', 29, true);


--
-- Name: models_only_lidar_id_seq; Type: SEQUENCE SET; Schema: public; Owner: admin
--

SELECT pg_catalog.setval('public.models_only_lidar_id_seq', 1, false);


--
-- Name: models_only_remote_sensing_id_seq; Type: SEQUENCE SET; Schema: public; Owner: admin
--

SELECT pg_catalog.setval('public.models_only_remote_sensing_id_seq', 1, false);


--
-- Name: models_only_soil_id_seq; Type: SEQUENCE SET; Schema: public; Owner: admin
--

SELECT pg_catalog.setval('public.models_only_soil_id_seq', 29, true);


--
-- Name: models_only_station_id_seq; Type: SEQUENCE SET; Schema: public; Owner: admin
--

SELECT pg_catalog.setval('public.models_only_station_id_seq', 1, false);


--
-- Name: models_only_weather_date_id_seq; Type: SEQUENCE SET; Schema: public; Owner: admin
--

SELECT pg_catalog.setval('public.models_only_weather_date_id_seq', 1, false);


--
-- Name: models_only_aquacrop_output models_only_aquacrop_output_pkey; Type: CONSTRAINT; Schema: public; Owner: admin
--

ALTER TABLE ONLY public.models_only_aquacrop_output
    ADD CONSTRAINT models_only_aquacrop_output_pkey PRIMARY KEY (id);


--
-- Name: models_only_crop models_only_crop_pkey; Type: CONSTRAINT; Schema: public; Owner: admin
--

ALTER TABLE ONLY public.models_only_crop
    ADD CONSTRAINT models_only_crop_pkey PRIMARY KEY (id);


--
-- Name: models_only_drone models_only_drone_pkey; Type: CONSTRAINT; Schema: public; Owner: admin
--

ALTER TABLE ONLY public.models_only_drone
    ADD CONSTRAINT models_only_drone_pkey PRIMARY KEY (id);


--
-- Name: models_only_fao_output models_only_fao_output_pkey; Type: CONSTRAINT; Schema: public; Owner: admin
--

ALTER TABLE ONLY public.models_only_fao_output
    ADD CONSTRAINT models_only_fao_output_pkey PRIMARY KEY (id);


--
-- Name: models_only_farmer models_only_farmer_email_key; Type: CONSTRAINT; Schema: public; Owner: admin
--

ALTER TABLE ONLY public.models_only_farmer
    ADD CONSTRAINT models_only_farmer_email_key UNIQUE (email);


--
-- Name: models_only_farmer models_only_farmer_pkey; Type: CONSTRAINT; Schema: public; Owner: admin
--

ALTER TABLE ONLY public.models_only_farmer
    ADD CONSTRAINT models_only_farmer_pkey PRIMARY KEY (id);


--
-- Name: models_only_field models_only_field_pkey; Type: CONSTRAINT; Schema: public; Owner: admin
--

ALTER TABLE ONLY public.models_only_field
    ADD CONSTRAINT models_only_field_pkey PRIMARY KEY (id);


--
-- Name: models_only_forcast_weather_date models_only_forcast_weather_date_pkey; Type: CONSTRAINT; Schema: public; Owner: admin
--

ALTER TABLE ONLY public.models_only_forcast_weather_date
    ADD CONSTRAINT models_only_forcast_weather_date_pkey PRIMARY KEY (id);


--
-- Name: models_only_irrigation_system models_only_irrigation_system_pkey; Type: CONSTRAINT; Schema: public; Owner: admin
--

ALTER TABLE ONLY public.models_only_irrigation_system
    ADD CONSTRAINT models_only_irrigation_system_pkey PRIMARY KEY (id);


--
-- Name: models_only_lidar models_only_lidar_pkey; Type: CONSTRAINT; Schema: public; Owner: admin
--

ALTER TABLE ONLY public.models_only_lidar
    ADD CONSTRAINT models_only_lidar_pkey PRIMARY KEY (id);


--
-- Name: models_only_remote_sensing models_only_remote_sensing_pkey; Type: CONSTRAINT; Schema: public; Owner: admin
--

ALTER TABLE ONLY public.models_only_remote_sensing
    ADD CONSTRAINT models_only_remote_sensing_pkey PRIMARY KEY (id);


--
-- Name: models_only_soil models_only_soil_pkey; Type: CONSTRAINT; Schema: public; Owner: admin
--

ALTER TABLE ONLY public.models_only_soil
    ADD CONSTRAINT models_only_soil_pkey PRIMARY KEY (id);


--
-- Name: models_only_station models_only_station_pkey; Type: CONSTRAINT; Schema: public; Owner: admin
--

ALTER TABLE ONLY public.models_only_station
    ADD CONSTRAINT models_only_station_pkey PRIMARY KEY (id);


--
-- Name: models_only_weather_date models_only_weather_date_pkey; Type: CONSTRAINT; Schema: public; Owner: admin
--

ALTER TABLE ONLY public.models_only_weather_date
    ADD CONSTRAINT models_only_weather_date_pkey PRIMARY KEY (id);


--
-- Name: models_only_aquacrop_output_field_id_id_16eaac5c; Type: INDEX; Schema: public; Owner: admin
--

CREATE INDEX models_only_aquacrop_output_field_id_id_16eaac5c ON public.models_only_aquacrop_output USING btree (field_id_id);


--
-- Name: models_only_crop_field_id_id_ae09417c; Type: INDEX; Schema: public; Owner: admin
--

CREATE INDEX models_only_crop_field_id_id_ae09417c ON public.models_only_crop USING btree (field_id_id);


--
-- Name: models_only_drone_field_id_id_7d7a353a; Type: INDEX; Schema: public; Owner: admin
--

CREATE INDEX models_only_drone_field_id_id_7d7a353a ON public.models_only_drone USING btree (field_id_id);


--
-- Name: models_only_fao_output_field_id_169b81c9; Type: INDEX; Schema: public; Owner: admin
--

CREATE INDEX models_only_fao_output_field_id_169b81c9 ON public.models_only_fao_output USING btree (field_id);


--
-- Name: models_only_farmer_email_fe3ca5f3_like; Type: INDEX; Schema: public; Owner: admin
--

CREATE INDEX models_only_farmer_email_fe3ca5f3_like ON public.models_only_farmer USING btree (email varchar_pattern_ops);


--
-- Name: models_only_field_boundaries_e31ea8a1_id; Type: INDEX; Schema: public; Owner: admin
--

CREATE INDEX models_only_field_boundaries_e31ea8a1_id ON public.models_only_field USING gist (boundaries);


--
-- Name: models_only_field_user_id_id_72189ddc; Type: INDEX; Schema: public; Owner: admin
--

CREATE INDEX models_only_field_user_id_id_72189ddc ON public.models_only_field USING btree (user_id_id);


--
-- Name: models_only_forcast_weather_date_Field_id_id_e68833f3; Type: INDEX; Schema: public; Owner: admin
--

CREATE INDEX "models_only_forcast_weather_date_Field_id_id_e68833f3" ON public.models_only_forcast_weather_date USING btree ("Field_id_id");


--
-- Name: models_only_irrigation_system_field_id_id_6b759e9b; Type: INDEX; Schema: public; Owner: admin
--

CREATE INDEX models_only_irrigation_system_field_id_id_6b759e9b ON public.models_only_irrigation_system USING btree (field_id_id);


--
-- Name: models_only_lidar_field_id_id_af109080; Type: INDEX; Schema: public; Owner: admin
--

CREATE INDEX models_only_lidar_field_id_id_af109080 ON public.models_only_lidar USING btree (field_id_id);


--
-- Name: models_only_remote_sensing_field_id_id_0a523bd3; Type: INDEX; Schema: public; Owner: admin
--

CREATE INDEX models_only_remote_sensing_field_id_id_0a523bd3 ON public.models_only_remote_sensing USING btree (field_id_id);


--
-- Name: models_only_soil_field_id_id_3713c823; Type: INDEX; Schema: public; Owner: admin
--

CREATE INDEX models_only_soil_field_id_id_3713c823 ON public.models_only_soil USING btree (field_id_id);


--
-- Name: models_only_station_field_id_id_522078dd; Type: INDEX; Schema: public; Owner: admin
--

CREATE INDEX models_only_station_field_id_id_522078dd ON public.models_only_station USING btree (field_id_id);


--
-- Name: models_only_weather_date_Field_id_id_132f3342; Type: INDEX; Schema: public; Owner: admin
--

CREATE INDEX "models_only_weather_date_Field_id_id_132f3342" ON public.models_only_weather_date USING btree ("Field_id_id");


--
-- Name: models_only_aquacrop_output models_only_aquacrop_field_id_id_16eaac5c_fk_models_on; Type: FK CONSTRAINT; Schema: public; Owner: admin
--

ALTER TABLE ONLY public.models_only_aquacrop_output
    ADD CONSTRAINT models_only_aquacrop_field_id_id_16eaac5c_fk_models_on FOREIGN KEY (field_id_id) REFERENCES public.models_only_field(id) DEFERRABLE INITIALLY DEFERRED;


--
-- Name: models_only_crop models_only_crop_field_id_id_ae09417c_fk_models_only_field_id; Type: FK CONSTRAINT; Schema: public; Owner: admin
--

ALTER TABLE ONLY public.models_only_crop
    ADD CONSTRAINT models_only_crop_field_id_id_ae09417c_fk_models_only_field_id FOREIGN KEY (field_id_id) REFERENCES public.models_only_field(id) DEFERRABLE INITIALLY DEFERRED;


--
-- Name: models_only_drone models_only_drone_field_id_id_7d7a353a_fk_models_only_field_id; Type: FK CONSTRAINT; Schema: public; Owner: admin
--

ALTER TABLE ONLY public.models_only_drone
    ADD CONSTRAINT models_only_drone_field_id_id_7d7a353a_fk_models_only_field_id FOREIGN KEY (field_id_id) REFERENCES public.models_only_field(id) DEFERRABLE INITIALLY DEFERRED;


--
-- Name: models_only_fao_output models_only_fao_outp_field_id_169b81c9_fk_models_on; Type: FK CONSTRAINT; Schema: public; Owner: admin
--

ALTER TABLE ONLY public.models_only_fao_output
    ADD CONSTRAINT models_only_fao_outp_field_id_169b81c9_fk_models_on FOREIGN KEY (field_id) REFERENCES public.models_only_field(id) DEFERRABLE INITIALLY DEFERRED;


--
-- Name: models_only_field models_only_field_user_id_id_72189ddc_fk_models_only_farmer_id; Type: FK CONSTRAINT; Schema: public; Owner: admin
--

ALTER TABLE ONLY public.models_only_field
    ADD CONSTRAINT models_only_field_user_id_id_72189ddc_fk_models_only_farmer_id FOREIGN KEY (user_id_id) REFERENCES public.models_only_farmer(id) DEFERRABLE INITIALLY DEFERRED;


--
-- Name: models_only_forcast_weather_date models_only_forcast__Field_id_id_e68833f3_fk_models_on; Type: FK CONSTRAINT; Schema: public; Owner: admin
--

ALTER TABLE ONLY public.models_only_forcast_weather_date
    ADD CONSTRAINT "models_only_forcast__Field_id_id_e68833f3_fk_models_on" FOREIGN KEY ("Field_id_id") REFERENCES public.models_only_field(id) DEFERRABLE INITIALLY DEFERRED;


--
-- Name: models_only_irrigation_system models_only_irrigati_field_id_id_6b759e9b_fk_models_on; Type: FK CONSTRAINT; Schema: public; Owner: admin
--

ALTER TABLE ONLY public.models_only_irrigation_system
    ADD CONSTRAINT models_only_irrigati_field_id_id_6b759e9b_fk_models_on FOREIGN KEY (field_id_id) REFERENCES public.models_only_field(id) DEFERRABLE INITIALLY DEFERRED;


--
-- Name: models_only_lidar models_only_lidar_field_id_id_af109080_fk_models_only_field_id; Type: FK CONSTRAINT; Schema: public; Owner: admin
--

ALTER TABLE ONLY public.models_only_lidar
    ADD CONSTRAINT models_only_lidar_field_id_id_af109080_fk_models_only_field_id FOREIGN KEY (field_id_id) REFERENCES public.models_only_field(id) DEFERRABLE INITIALLY DEFERRED;


--
-- Name: models_only_remote_sensing models_only_remote_s_field_id_id_0a523bd3_fk_models_on; Type: FK CONSTRAINT; Schema: public; Owner: admin
--

ALTER TABLE ONLY public.models_only_remote_sensing
    ADD CONSTRAINT models_only_remote_s_field_id_id_0a523bd3_fk_models_on FOREIGN KEY (field_id_id) REFERENCES public.models_only_field(id) DEFERRABLE INITIALLY DEFERRED;


--
-- Name: models_only_soil models_only_soil_field_id_id_3713c823_fk_models_only_field_id; Type: FK CONSTRAINT; Schema: public; Owner: admin
--

ALTER TABLE ONLY public.models_only_soil
    ADD CONSTRAINT models_only_soil_field_id_id_3713c823_fk_models_only_field_id FOREIGN KEY (field_id_id) REFERENCES public.models_only_field(id) DEFERRABLE INITIALLY DEFERRED;


--
-- Name: models_only_station models_only_station_field_id_id_522078dd_fk_models_on; Type: FK CONSTRAINT; Schema: public; Owner: admin
--

ALTER TABLE ONLY public.models_only_station
    ADD CONSTRAINT models_only_station_field_id_id_522078dd_fk_models_on FOREIGN KEY (field_id_id) REFERENCES public.models_only_field(id) DEFERRABLE INITIALLY DEFERRED;


--
-- Name: models_only_weather_date models_only_weather__Field_id_id_132f3342_fk_models_on; Type: FK CONSTRAINT; Schema: public; Owner: admin
--

ALTER TABLE ONLY public.models_only_weather_date
    ADD CONSTRAINT "models_only_weather__Field_id_id_132f3342_fk_models_on" FOREIGN KEY ("Field_id_id") REFERENCES public.models_only_field(id) DEFERRABLE INITIALLY DEFERRED;


--
-- PostgreSQL database dump complete
--

